token,speaker,class,vowel,coda,Stimulus,vowelcoda,classvowelcoda,word,wavname,textgridname,duration,measurement_no,f1,f2,f3,f4,f5,f1.tag,f2.tag,f3.tag,f4.tag,f5.tag,f1wtag,f2wtag,f3wtag,f4wtag,f5wtag,f1ntag,f2ntag,f3ntag,f4ntag,f5ntag
22,M1,M,/u/,vrc,hurt,uvrc,Muvrc,bird,bird_M1.wav,bird_M1.TextGrid,0.213471882,0,466.819222,1194.508009,1812.64637,3316.159251,3878.220141,,,1,1,,,,1812.64637,3316.159251,,,,,,
22,M1,M,/u/,vrc,hurt,uvrc,Muvrc,bird,bird_M1.wav,bird_M1.TextGrid,0.213471882,1,480.5491991,1276.887872,1784.543326,3344.262295,3892.271663,,,,1,,,,,3344.262295,,,,,,
22,M1,M,/u/,vrc,hurt,uvrc,Muvrc,bird,bird_M1.wav,bird_M1.TextGrid,0.213471882,2,480.5491991,1290.617849,1784.543326,3330.210773,3906.323185,,,,1,,,,,3330.210773,,,,,,
22,M1,M,/u/,vrc,hurt,uvrc,Muvrc,bird,bird_M1.wav,bird_M1.TextGrid,0.213471882,3,535.4691076,1331.80778,1794.39422,3330.210773,3906.323185,,,,1,,,,,3330.210773,,,,,,
22,M1,M,/u/,vrc,hurt,uvrc,Muvrc,bird,bird_M1.wav,bird_M1.TextGrid,0.213471882,4,535.4691076,1331.80778,1798.594848,3330.210773,3892.271663,,,,1,,,,,3330.210773,,,,,,
22,M1,M,/u/,vrc,hurt,uvrc,Muvrc,bird,bird_M1.wav,bird_M1.TextGrid,0.213471882,5,535.4691076,1386.727689,1798.594848,3302.107728,3880.335983,,,,1,,,,,3302.107728,,,,,,
22,M1,M,/u/,vrc,hurt,uvrc,Muvrc,bird,bird_M1.wav,bird_M1.TextGrid,0.213471882,6,508.0091533,1414.187643,1798.594848,3302.107728,3878.220141,,,,1,,,,,3302.107728,,,,,,
22,M1,M,/u/,vrc,hurt,uvrc,Muvrc,bird,bird_M1.wav,bird_M1.TextGrid,0.213471882,7,480.5491991,1414.187643,1798.594848,3302.107728,3864.168618,,,,1,,,,,3302.107728,,,,,,
22,M1,M,/u/,vrc,hurt,uvrc,Muvrc,bird,bird_M1.wav,bird_M1.TextGrid,0.213471882,8,466.819222,1414.187643,1798.594848,3302.107728,3850.117096,,,,1,,,,,3302.107728,,,,,,
22,M1,M,/u/,vrc,hurt,uvrc,Muvrc,bird,bird_M1.wav,bird_M1.TextGrid,0.213471882,9,466.819222,1427.91762,1784.543326,3302.107728,3822.014052,,,,1,,,,,3302.107728,,,,,,
22,M1,M,/u/,vrc,hurt,uvrc,Muvrc,bird,bird_M1.wav,bird_M1.TextGrid,0.213471882,10,466.819222,1427.91762,1780.361047,3302.107728,3836.065574,,,,1,,,,,3302.107728,,,,,,
22,M1,M,/u/,vrc,hurt,uvrc,Muvrc,bird,bird_M1.wav,bird_M1.TextGrid,0.213471882,11,466.819222,1427.91762,1800.41823,3330.210773,3836.065574,,,,1,,,,,3330.210773,,,,,,
22,M1,M,/u/,vrc,hurt,uvrc,Muvrc,bird,bird_M1.wav,bird_M1.TextGrid,0.213471882,12,454.1269243,1427.91762,1853.546911,3344.262295,3779.859485,,,,1,,,,,3344.262295,,,,,,
22,M1,M,/u/,vrc,hurt,uvrc,Muvrc,bird,bird_M1.wav,bird_M1.TextGrid,0.213471882,13,453.0892449,1469.107551,1853.546911,3344.262295,3751.75644,,,,1,,,,,3344.262295,,,,,,
22,M1,M,/u/,vrc,hurt,uvrc,Muvrc,bird,bird_M1.wav,bird_M1.TextGrid,0.213471882,14,425.6292906,1482.837529,1853.546911,3265.584367,3729.061903,,,,1,1,,,,3265.584367,3729.061903,,,,,
22,M1,M,/u/,vrc,hurt,uvrc,Muvrc,bird,bird_M1.wav,bird_M1.TextGrid,0.213471882,15,425.6292906,1510.297483,1897.508342,2993.757638,3606.81851,,,,1,1,,,,2993.757638,3606.81851,,,,,
22,M1,M,/u/,vrc,hurt,uvrc,Muvrc,bird,bird_M1.wav,bird_M1.TextGrid,0.213471882,16,370.7093822,1531.615925,1911.007026,2622.425629,3526.932084,,,,1,1,,,,2622.425629,3526.932084,,,,,
22,M1,M,/u/,vrc,hurt,uvrc,Muvrc,bird,bird_M1.wav,bird_M1.TextGrid,0.213471882,17,439.3592677,1531.615925,1939.11007,2526.315789,3526.932084,1,1,1,1,2,439.3592677,1531.615925,1939.11007,2526.315789,,,,,,3526.932084
22,M1,M,/u/,vrc,hurt,uvrc,Muvrc,bird,bird_M1.wav,bird_M1.TextGrid,0.213471882,18,425.6292906,1531.615925,1939.11007,2512.585812,3526.932084,1,1,1,2,2,425.6292906,1531.615925,1939.11007,,,,,,2512.585812,3526.932084
22,M1,M,/u/,vrc,hurt,uvrc,Muvrc,bird,bird_M1.wav,bird_M1.TextGrid,0.213471882,19,384.4393593,1574.909568,1925.058548,2498.855835,3540.983607,1,,2,2,2,384.4393593,,,,,,,1925.058548,2498.855835,3540.983607
22,M1,M,/u/,vrc,hurt,uvrc,Muvrc,bird,bird_M1.wav,bird_M1.TextGrid,0.213471882,20,384.4393593,1615.925059,1925.058548,2485.125858,3540.983607,1,2,2,2,2,384.4393593,,,,,,1615.925059,1925.058548,2485.125858,3540.983607
23,M1,M,/u/,vrc,hurt,uvrc,Muvrc,bird,bird_M12SQ.wav,bird_M12SQ.TextGrid,0.170853144,0,449.6487119,1264.637002,1812.64637,3512.880562,3948.477752,,,1,1,2,,,1812.64637,3512.880562,,,,,,3948.477752
23,M1,M,/u/,vrc,hurt,uvrc,Muvrc,bird,bird_M12SQ.wav,bird_M12SQ.TextGrid,0.170853144,1,449.6487119,1278.688525,1826.697892,3583.138173,3948.477752,,,,,1,,,,,3948.477752,,,,,
23,M1,M,/u/,vrc,hurt,uvrc,Muvrc,bird,bird_M12SQ.wav,bird_M12SQ.TextGrid,0.170853144,2,449.6487119,1306.791569,1798.594848,3583.138173,3948.477752,,,,,1,,,,,3948.477752,,,,,
23,M1,M,/u/,vrc,hurt,uvrc,Muvrc,bird,bird_M12SQ.wav,bird_M12SQ.TextGrid,0.170853144,3,435.5971897,1363.31693,1770.491803,3569.086651,3948.477752,,,,,1,,,,,3948.477752,,,,,
23,M1,M,/u/,vrc,hurt,uvrc,Muvrc,bird,bird_M12SQ.wav,bird_M12SQ.TextGrid,0.170853144,4,435.5971897,1391.100703,1742.388759,3540.983607,3948.477752,,,,,1,,,,,3948.477752,,,,,
23,M1,M,/u/,vrc,hurt,uvrc,Muvrc,bird,bird_M12SQ.wav,bird_M12SQ.TextGrid,0.170853144,5,421.5456674,1391.100703,1742.388759,3540.983607,3948.477752,,,,,1,,,,,3948.477752,,,,,
23,M1,M,/u/,vrc,hurt,uvrc,Muvrc,bird,bird_M12SQ.wav,bird_M12SQ.TextGrid,0.170853144,6,421.5456674,1419.203747,1770.491803,3540.983607,3962.529274,,,,,1,,,,,3962.529274,,,,,
23,M1,M,/u/,vrc,hurt,uvrc,Muvrc,bird,bird_M12SQ.wav,bird_M12SQ.TextGrid,0.170853144,7,421.5456674,1447.306792,1770.491803,3540.983607,3976.580796,,,,,1,,,,,3976.580796,,,,,
23,M1,M,/u/,vrc,hurt,uvrc,Muvrc,bird,bird_M12SQ.wav,bird_M12SQ.TextGrid,0.170853144,8,435.5971897,1447.306792,1770.491803,3526.932084,3976.580796,,,,,1,,,,,3976.580796,,,,,
23,M1,M,/u/,vrc,hurt,uvrc,Muvrc,bird,bird_M12SQ.wav,bird_M12SQ.TextGrid,0.170853144,9,491.8032787,1447.306792,1784.543326,3526.932084,3990.632319,,,,,1,,,,,3990.632319,,,,,
23,M1,M,/u/,vrc,hurt,uvrc,Muvrc,bird,bird_M12SQ.wav,bird_M12SQ.TextGrid,0.170853144,10,491.8032787,1475.409836,1826.697892,3512.880562,3990.632319,,,,,1,,,,,3990.632319,,,,,
23,M1,M,/u/,vrc,hurt,uvrc,Muvrc,bird,bird_M12SQ.wav,bird_M12SQ.TextGrid,0.170853144,11,477.7517564,1475.409836,1882.751221,3470.725995,3976.580796,,,,,1,,,,,3976.580796,,,,,
23,M1,M,/u/,vrc,hurt,uvrc,Muvrc,bird,bird_M12SQ.wav,bird_M12SQ.TextGrid,0.170853144,12,435.5971897,1517.564403,1863.814595,3400.468384,3909.320086,,,,,1,,,,,3909.320086,,,,,
23,M1,M,/u/,vrc,hurt,uvrc,Muvrc,bird,bird_M12SQ.wav,bird_M12SQ.TextGrid,0.170853144,13,421.5456674,1531.615925,1882.903981,3288.252631,3864.168618,,,,,1,,,,,3864.168618,,,,,
23,M1,M,/u/,vrc,hurt,uvrc,Muvrc,bird,bird_M12SQ.wav,bird_M12SQ.TextGrid,0.170853144,14,421.5456674,1559.71897,1896.955504,2950.819672,3651.155125,,,1,1,2,,,1896.955504,2950.819672,,,,,,3651.155125
23,M1,M,/u/,vrc,hurt,uvrc,Muvrc,bird,bird_M12SQ.wav,bird_M12SQ.TextGrid,0.170853144,15,421.5456674,1615.925059,1953.161593,2647.640727,3449.402951,1,,1,1,1,421.5456674,,1953.161593,2647.640727,3449.402951,,,,,
23,M1,M,/u/,vrc,hurt,uvrc,Muvrc,bird,bird_M12SQ.wav,bird_M12SQ.TextGrid,0.170853144,16,435.5971897,1601.873536,1981.264637,2612.066103,3381.179301,1,1,1,1,1,435.5971897,1601.873536,1981.264637,2612.066103,3381.179301,,,,,
23,M1,M,/u/,vrc,hurt,uvrc,Muvrc,bird,bird_M12SQ.wav,bird_M12SQ.TextGrid,0.170853144,17,463.7002342,1587.822014,1967.213115,2585.480094,3358.313817,1,1,2,2,1,463.7002342,1587.822014,,,3358.313817,,,1967.213115,2585.480094,
23,M1,M,/u/,vrc,hurt,uvrc,Muvrc,bird,bird_M12SQ.wav,bird_M12SQ.TextGrid,0.170853144,18,477.7517564,1544.5502,1939.11007,2557.377049,3358.313817,1,2,2,2,1,477.7517564,,,,3358.313817,,1544.5502,1939.11007,2557.377049,
23,M1,M,/u/,vrc,hurt,uvrc,Muvrc,bird,bird_M12SQ.wav,bird_M12SQ.TextGrid,0.170853144,19,491.8032787,1531.615925,1931.209543,2543.325527,3344.262295,2,2,2,2,1,,,,,3344.262295,491.8032787,1531.615925,1931.209543,2543.325527,
23,M1,M,/u/,vrc,hurt,uvrc,Muvrc,bird,bird_M12SQ.wav,bird_M12SQ.TextGrid,0.170853144,20,519.9063232,1517.564403,1925.058548,2515.222482,3344.262295,2,2,2,2,1,,,,,3344.262295,519.9063232,1517.564403,1925.058548,2515.222482,
24,M1,M,/u/,vc,hut,uvc,Muvc,bud,bud_M1.wav,bud_M1.TextGrid,0.207555697,0,521.7391304,1043.478261,2306.636156,3597.254005,4064.073227,,,,,1,,,,,4064.073227,,,,,
24,M1,M,/u/,vc,hut,uvc,Muvc,bud,bud_M1.wav,bud_M1.TextGrid,0.207555697,1,521.7391304,1098.398169,2282.617165,3624.713959,4091.533181,,,,,,,,,,,,,,,
24,M1,M,/u/,vc,hut,uvc,Muvc,bud,bud_M1.wav,bud_M1.TextGrid,0.207555697,2,521.7391304,1125.858124,2320.366133,3624.713959,4118.993135,,,,,,,,,,,,,,,
24,M1,M,/u/,vc,hut,uvc,Muvc,bud,bud_M1.wav,bud_M1.TextGrid,0.207555697,3,521.7391304,1153.318078,2320.366133,3638.443936,4132.723112,,,,,,,,,,,,,,,
24,M1,M,/u/,vc,hut,uvc,Muvc,bud,bud_M1.wav,bud_M1.TextGrid,0.207555697,4,535.4691076,1162.769133,2347.826087,3638.443936,4118.993135,,,,,,,,,,,,,,,
24,M1,M,/u/,vc,hut,uvc,Muvc,bud,bud_M1.wav,bud_M1.TextGrid,0.207555697,5,562.9290618,1180.778032,2347.826087,3665.90389,4077.803204,,,,,,,,,,,,,,,
24,M1,M,/u/,vc,hut,uvc,Muvc,bud,bud_M1.wav,bud_M1.TextGrid,0.207555697,6,562.9290618,1208.237986,2347.826087,3665.90389,4050.343249,,,,,,,,,,,,,,,
24,M1,M,/u/,vc,hut,uvc,Muvc,bud,bud_M1.wav,bud_M1.TextGrid,0.207555697,7,535.4691076,1249.427918,2373.021775,3679.633867,4050.343249,,,,,,,,,,,,,,,
24,M1,M,/u/,vc,hut,uvc,Muvc,bud,bud_M1.wav,bud_M1.TextGrid,0.207555697,8,535.4691076,1276.887872,2443.935927,3707.093822,4050.343249,,,,,,,,,,,,,,,
24,M1,M,/u/,vc,hut,uvc,Muvc,bud,bud_M1.wav,bud_M1.TextGrid,0.207555697,9,535.4691076,1318.077803,2471.395881,3707.093822,4077.803204,,,,,,,,,,,,,,,
24,M1,M,/u/,vc,hut,uvc,Muvc,bud,bud_M1.wav,bud_M1.TextGrid,0.207555697,10,481.8061367,1359.267735,2471.395881,3720.823799,4077.803204,,,,,,,,,,,,,,,
24,M1,M,/u/,vc,hut,uvc,Muvc,bud,bud_M1.wav,bud_M1.TextGrid,0.207555697,11,466.819222,1414.187643,2512.585812,3693.363844,4091.533181,,,,,,,,,,,,,,,
24,M1,M,/u/,vc,hut,uvc,Muvc,bud,bud_M1.wav,bud_M1.TextGrid,0.207555697,12,439.3592677,1414.187643,2512.585812,3632.456002,4075.129769,1,1,1,1,1,439.3592677,1414.187643,2512.585812,3632.456002,4075.129769,,,,,
24,M1,M,/u/,vc,hut,uvc,Muvc,bud,bud_M1.wav,bud_M1.TextGrid,0.207555697,13,411.8993135,1414.187643,2498.855835,3610.983982,4050.343249,1,1,1,2,1,411.8993135,1414.187643,2498.855835,,4050.343249,,,,3610.983982,
24,M1,M,/u/,vc,hut,uvc,Muvc,bud,bud_M1.wav,bud_M1.TextGrid,0.207555697,14,360.6049118,1414.187643,2471.395881,3556.064073,4009.153318,1,1,2,2,2,360.6049118,1414.187643,,,,,,2471.395881,3556.064073,4009.153318
24,M1,M,/u/,vc,hut,uvc,Muvc,bud,bud_M1.wav,bud_M1.TextGrid,0.207555697,15,343.2494279,1423.75607,2457.665904,3542.334096,3939.258106,1,1,2,2,2,343.2494279,1423.75607,,,,,,2457.665904,3542.334096,3939.258106
24,M1,M,/u/,vc,hut,uvc,Muvc,bud,bud_M1.wav,bud_M1.TextGrid,0.207555697,16,343.2494279,1427.91762,2445.64343,3532.872878,3903.12041,1,2,2,2,2,343.2494279,,,,,,1427.91762,2445.64343,3532.872878,3903.12041
24,M1,M,/u/,vc,hut,uvc,Muvc,bud,bud_M1.wav,bud_M1.TextGrid,0.207555697,17,343.2494279,1427.91762,2443.935927,3528.604119,3899.313501,1,2,2,2,2,343.2494279,,,,,,1427.91762,2443.935927,3528.604119,3899.313501
24,M1,M,/u/,vc,hut,uvc,Muvc,bud,bud_M1.wav,bud_M1.TextGrid,0.207555697,18,329.5194508,1427.91762,2443.935927,3504.027406,3885.583524,2,2,2,2,2,,,,,,329.5194508,1427.91762,2443.935927,3504.027406,3885.583524
24,M1,M,/u/,vc,hut,uvc,Muvc,bud,bud_M1.wav,bud_M1.TextGrid,0.207555697,19,302.0594966,1427.91762,2443.935927,3514.874142,3860.851739,2,2,2,2,2,,,,,,302.0594966,1427.91762,2443.935927,3514.874142,3860.851739
24,M1,M,/u/,vc,hut,uvc,Muvc,bud,bud_M1.wav,bud_M1.TextGrid,0.207555697,20,269.2468263,1427.91762,2430.438507,3548.22959,3858.12357,2,2,2,2,2,,,,,,269.2468263,1427.91762,2430.438507,3548.22959,3858.12357
25,M1,M,/u/,vc,hut,uvc,Muvc,bud,bud_M11UF.wav,bud_M11UF.TextGrid,0.145621417,0,508.0091533,1112.128146,2279.176201,3607.335642,4118.60882,,1,1,1,1,,1112.128146,2279.176201,3607.335642,4118.60882,,,,,
25,M1,M,/u/,vc,hut,uvc,Muvc,bud,bud_M11UF.wav,bud_M11UF.TextGrid,0.145621417,1,549.1990847,1152.052285,2371.531717,3569.79405,4118.993135,,,,,,,,,,,,,,,
25,M1,M,/u/,vc,hut,uvc,Muvc,bud,bud_M11UF.wav,bud_M11UF.TextGrid,0.145621417,2,562.9290618,1153.318078,2389.016018,3569.79405,4118.993135,,,,,,,,,,,,,,,
25,M1,M,/u/,vc,hut,uvc,Muvc,bud,bud_M11UF.wav,bud_M11UF.TextGrid,0.145621417,3,562.9290618,1194.508009,2389.016018,3569.79405,4091.533181,,,,,,,,,,,,,,,
25,M1,M,/u/,vc,hut,uvc,Muvc,bud,bud_M11UF.wav,bud_M11UF.TextGrid,0.145621417,4,562.9290618,1235.697941,2389.016018,3556.064073,4091.533181,,,1,,,,,2389.016018,,,,,,,
25,M1,M,/u/,vc,hut,uvc,Muvc,bud,bud_M11UF.wav,bud_M11UF.TextGrid,0.145621417,5,562.9290618,1196.953836,2389.016018,3556.064073,4105.263158,,,1,,,,,2389.016018,,,,,,,
25,M1,M,/u/,vc,hut,uvc,Muvc,bud,bud_M11UF.wav,bud_M11UF.TextGrid,0.145621417,6,562.9290618,1220.403089,2389.016018,3586.088828,4118.993135,,,1,,,,,2389.016018,,,,,,,
25,M1,M,/u/,vc,hut,uvc,Muvc,bud,bud_M11UF.wav,bud_M11UF.TextGrid,0.145621417,7,590.389016,1233.394003,2389.016018,3652.173913,4173.913043,,,,,,,,,,,,,,,
25,M1,M,/u/,vc,hut,uvc,Muvc,bud,bud_M11UF.wav,bud_M11UF.TextGrid,0.145621417,8,604.1189931,1240.829102,2416.475973,3624.713959,4173.913043,,,,,,,,,,,,,,,
25,M1,M,/u/,vc,hut,uvc,Muvc,bud,bud_M11UF.wav,bud_M11UF.TextGrid,0.145621417,9,617.8489703,1257.076468,2464.48112,3638.443936,4187.643021,,,,,,,,,,,,,,,
25,M1,M,/u/,vc,hut,uvc,Muvc,bud,bud_M11UF.wav,bud_M11UF.TextGrid,0.145621417,10,604.1189931,1227.069583,2485.125858,3679.633867,4187.643021,,,,,,,,,,,,,,,
25,M1,M,/u/,vc,hut,uvc,Muvc,bud,bud_M11UF.wav,bud_M11UF.TextGrid,0.145621417,11,604.1189931,1249.427918,2485.125858,3691.105338,4173.913043,,,,,,,,,,,,,,,
25,M1,M,/u/,vc,hut,uvc,Muvc,bud,bud_M11UF.wav,bud_M11UF.TextGrid,0.145621417,12,590.389016,1249.427918,2485.125858,3734.553776,4173.913043,1,1,,1,1,590.389016,1249.427918,,3734.553776,4173.913043,,,,,
25,M1,M,/u/,vc,hut,uvc,Muvc,bud,bud_M11UF.wav,bud_M11UF.TextGrid,0.145621417,13,576.6590389,1249.427918,2485.125858,3775.743707,4173.913043,1,1,1,2,1,576.6590389,1249.427918,2485.125858,,4173.913043,,,,3775.743707,
25,M1,M,/u/,vc,hut,uvc,Muvc,bud,bud_M11UF.wav,bud_M11UF.TextGrid,0.145621417,14,576.6590389,1263.157895,2485.125858,3705.418884,4123.529053,1,1,1,2,1,576.6590389,1263.157895,2485.125858,,4123.529053,,,,3705.418884,
25,M1,M,/u/,vc,hut,uvc,Muvc,bud,bud_M11UF.wav,bud_M11UF.TextGrid,0.145621417,15,588.7499462,1276.887872,2498.855835,3652.173913,4118.993135,1,1,2,2,1,588.7499462,1276.887872,,,4118.993135,,,2498.855835,3652.173913,
25,M1,M,/u/,vc,hut,uvc,Muvc,bud,bud_M11UF.wav,bud_M11UF.TextGrid,0.145621417,16,604.1189931,1290.617849,2498.855835,3610.983982,4118.993135,1,1,2,1,1,604.1189931,1290.617849,,3610.983982,4118.993135,,,2498.855835,,
25,M1,M,/u/,vc,hut,uvc,Muvc,bud,bud_M11UF.wav,bud_M11UF.TextGrid,0.145621417,17,604.1189931,1290.617849,2512.585812,3583.524027,4091.533181,1,1,1,2,1,604.1189931,1290.617849,2512.585812,,4091.533181,,,,3583.524027,
25,M1,M,/u/,vc,hut,uvc,Muvc,bud,bud_M11UF.wav,bud_M11UF.TextGrid,0.145621417,18,604.1189931,1276.887872,2526.315789,3576.377735,4050.343249,2,2,2,2,2,,,,,,604.1189931,1276.887872,2526.315789,3576.377735,4050.343249
25,M1,M,/u/,vc,hut,uvc,Muvc,bud,bud_M11UF.wav,bud_M11UF.TextGrid,0.145621417,19,604.1189931,1261.72477,2526.315789,3569.79405,4009.153318,2,2,2,2,2,,,,,,604.1189931,1261.72477,2526.315789,3569.79405,4009.153318
25,M1,M,/u/,vc,hut,uvc,Muvc,bud,bud_M11UF.wav,bud_M11UF.TextGrid,0.145621417,20,604.1189931,1235.697941,2526.315789,3566.585613,4009.153318,2,2,2,2,2,,,,,,604.1189931,1235.697941,2526.315789,3566.585613,4009.153318
26,M2,M,/u/,vrc,hurt,uvrc,Muvrc,bird,bird_M2.wav,bird_M2.TextGrid,0.25993535,0,485.3666543,1205.616928,2279.176201,3418.764302,3954.23341,,,1,,,,,2279.176201,,,,,,,
26,M2,M,/u/,vrc,hurt,uvrc,Muvrc,bird,bird_M2.wav,bird_M2.TextGrid,0.25993535,1,520.0028032,1258.050728,2128.146453,3418.764302,4009.804029,,,,,,,,,,,,,,,
26,M2,M,/u/,vrc,hurt,uvrc,Muvrc,bird,bird_M2.wav,bird_M2.TextGrid,0.25993535,2,538.312517,1293.571953,2073.226545,3432.494279,4033.556098,,,,,,,,,,,,,,,
26,M2,M,/u/,vrc,hurt,uvrc,Muvrc,bird,bird_M2.wav,bird_M2.TextGrid,0.25993535,3,530.6131545,1306.900512,1977.116705,3432.844423,4036.613272,,,,,,,,,,,,,,,
26,M2,M,/u/,vrc,hurt,uvrc,Muvrc,bird,bird_M2.wav,bird_M2.TextGrid,0.25993535,4,522.3274858,1309.761324,1922.196796,3446.224256,4036.613272,,,,,,,,,,,,,,,
26,M2,M,/u/,vrc,hurt,uvrc,Muvrc,bird,bird_M2.wav,bird_M2.TextGrid,0.25993535,5,502.2866271,1304.397403,1860.337535,3391.304348,4036.613272,,,,,,,,,,,,,,,
26,M2,M,/u/,vrc,hurt,uvrc,Muvrc,bird,bird_M2.wav,bird_M2.TextGrid,0.25993535,6,493.6017306,1331.80778,1881.006865,3350.114416,4022.883295,,,,,,,,,,,,,,,
26,M2,M,/u/,vrc,hurt,uvrc,Muvrc,bird,bird_M2.wav,bird_M2.TextGrid,0.25993535,7,489.0919057,1345.537757,1839.816934,3322.654462,3998.649718,,,,,,,,,,,,,,,
26,M2,M,/u/,vrc,hurt,uvrc,Muvrc,bird,bird_M2.wav,bird_M2.TextGrid,0.25993535,8,508.0091533,1345.537757,1839.816934,3350.114416,3995.423341,,,,,,,,,,,,,,,
26,M2,M,/u/,vrc,hurt,uvrc,Muvrc,bird,bird_M2.wav,bird_M2.TextGrid,0.25993535,9,474.5115469,1372.997712,1839.816934,3363.844394,3981.693364,,,,,,,,,,,,,,,
26,M2,M,/u/,vrc,hurt,uvrc,Muvrc,bird,bird_M2.wav,bird_M2.TextGrid,0.25993535,10,508.0091533,1414.187643,1812.356979,3322.654462,3995.423341,,,,,,,,,,,,,,,
26,M2,M,/u/,vrc,hurt,uvrc,Muvrc,bird,bird_M2.wav,bird_M2.TextGrid,0.25993535,11,508.0091533,1427.91762,1798.627002,3187.911065,3979.458643,,,,,,,,,,,,,,,
26,M2,M,/u/,vrc,hurt,uvrc,Muvrc,bird,bird_M2.wav,bird_M2.TextGrid,0.25993535,12,466.819222,1427.91762,1798.627002,3058.210646,3966.623043,,1,,,,,1427.91762,,,,,,,,
26,M2,M,/u/,vrc,hurt,uvrc,Muvrc,bird,bird_M2.wav,bird_M2.TextGrid,0.25993535,13,490.8415658,1455.377574,1798.627002,2951.94508,3927.637974,1,1,1,1,2,490.8415658,1455.377574,1798.627002,2951.94508,,,,,,3927.637974
26,M2,M,/u/,vrc,hurt,uvrc,Muvrc,bird,bird_M2.wav,bird_M2.TextGrid,0.25993535,14,549.1990847,1520.118535,1798.627002,2869.565217,3879.109428,1,1,1,1,1,549.1990847,1520.118535,1798.627002,2869.565217,3879.109428,,,,,
26,M2,M,/u/,vrc,hurt,uvrc,Muvrc,bird,bird_M2.wav,bird_M2.TextGrid,0.25993535,15,539.8288835,1537.757437,1798.627002,2855.83524,3845.483537,1,1,1,2,1,539.8288835,1537.757437,1798.627002,,3845.483537,,,,2855.83524,
26,M2,M,/u/,vrc,hurt,uvrc,Muvrc,bird,bird_M2.wav,bird_M2.TextGrid,0.25993535,16,535.4691076,1535.158915,1798.627002,2855.83524,3830.663616,1,2,1,2,2,535.4691076,,1798.627002,,,,1535.158915,,2855.83524,3830.663616
26,M2,M,/u/,vrc,hurt,uvrc,Muvrc,bird,bird_M2.wav,bird_M2.TextGrid,0.25993535,17,535.4691076,1512.051309,1798.627002,2855.83524,3792.993273,1,2,2,2,2,535.4691076,,,,,,1512.051309,1798.627002,2855.83524,3792.993273
26,M2,M,/u/,vrc,hurt,uvrc,Muvrc,bird,bird_M2.wav,bird_M2.TextGrid,0.25993535,18,535.4691076,1482.837529,1805.722523,2865.107213,3780.493467,2,2,2,2,2,,,,,,535.4691076,1482.837529,1805.722523,2865.107213,3780.493467
26,M2,M,/u/,vrc,hurt,uvrc,Muvrc,bird,bird_M2.wav,bird_M2.TextGrid,0.25993535,19,480.5491991,1482.837529,1812.356979,2869.565217,3775.743707,2,2,2,2,2,,,,,,480.5491991,1482.837529,1812.356979,2869.565217,3775.743707
26,M2,M,/u/,vrc,hurt,uvrc,Muvrc,bird,bird_M2.wav,bird_M2.TextGrid,0.25993535,20,454.742752,1469.107551,1833.347276,2855.83524,3763.906729,2,2,2,2,2,,,,,,454.742752,1469.107551,1833.347276,2855.83524,3763.906729
27,M2,M,/u/,vrc,hurt,uvrc,Muvrc,bird,bird_M21SQ.wav,bird_M21SQ.TextGrid,0.188070682,0,521.7391304,1263.157895,2251.716247,3405.034325,4077.803204,,,,1,1,,,,3405.034325,4077.803204,,,,,
27,M2,M,/u/,vrc,hurt,uvrc,Muvrc,bird,bird_M21SQ.wav,bird_M21SQ.TextGrid,0.188070682,1,535.4691076,1290.617849,2181.328913,3407.598095,4077.803204,,,,,,,,,,,,,,,
27,M2,M,/u/,vrc,hurt,uvrc,Muvrc,bird,bird_M21SQ.wav,bird_M21SQ.TextGrid,0.188070682,2,535.4691076,1331.80778,2141.87643,3363.844394,4077.803204,,,,,,,,,,,,,,,
27,M2,M,/u/,vrc,hurt,uvrc,Muvrc,bird,bird_M21SQ.wav,bird_M21SQ.TextGrid,0.188070682,3,504.9037202,1345.537757,2141.87643,3322.654462,4077.803204,,,,,,,,,,,,,,,
27,M2,M,/u/,vrc,hurt,uvrc,Muvrc,bird,bird_M21SQ.wav,bird_M21SQ.TextGrid,0.188070682,4,494.2791762,1372.997712,2100.686499,3322.654462,4077.803204,,,,,,,,,,,,,,,
27,M2,M,/u/,vrc,hurt,uvrc,Muvrc,bird,bird_M21SQ.wav,bird_M21SQ.TextGrid,0.188070682,5,494.2791762,1399.77436,2036.664893,3333.992869,4077.803204,,,,,,,,,,,,,,,
27,M2,M,/u/,vrc,hurt,uvrc,Muvrc,bird,bird_M21SQ.wav,bird_M21SQ.TextGrid,0.188070682,6,480.5491991,1427.91762,1990.846682,3350.114416,4105.263158,,,,,,,,,,,,,,,
27,M2,M,/u/,vrc,hurt,uvrc,Muvrc,bird,bird_M21SQ.wav,bird_M21SQ.TextGrid,0.188070682,7,480.5491991,1402.504838,1935.926773,3377.574371,4146.453089,,,,,,,,,,,,,,,
27,M2,M,/u/,vrc,hurt,uvrc,Muvrc,bird,bird_M21SQ.wav,bird_M21SQ.TextGrid,0.188070682,8,480.5491991,1404.059957,1853.546911,3377.574371,4173.913043,,,,,,,,,,,,,,,
27,M2,M,/u/,vrc,hurt,uvrc,Muvrc,bird,bird_M21SQ.wav,bird_M21SQ.TextGrid,0.188070682,9,480.5491991,1386.727689,1812.356979,3377.574371,4160.183066,,,,,,,,,,,,,,,
27,M2,M,/u/,vrc,hurt,uvrc,Muvrc,bird,bird_M21SQ.wav,bird_M21SQ.TextGrid,0.188070682,10,459.4400378,1386.727689,1812.356979,3377.574371,4154.920813,,,,,1,,,,,4154.920813,,,,,
27,M2,M,/u/,vrc,hurt,uvrc,Muvrc,bird,bird_M21SQ.wav,bird_M21SQ.TextGrid,0.188070682,11,399.3143597,1386.727689,1812.356979,3363.844394,4137.53015,,,,,1,,,,,4137.53015,,,,,
27,M2,M,/u/,vrc,hurt,uvrc,Muvrc,bird,bird_M21SQ.wav,bird_M21SQ.TextGrid,0.188070682,12,398.1693364,1400.457666,1826.086957,3299.709426,4118.993135,,,,,1,,,,,4118.993135,,,,,
27,M2,M,/u/,vrc,hurt,uvrc,Muvrc,bird,bird_M21SQ.wav,bird_M21SQ.TextGrid,0.188070682,13,384.4393593,1475.268288,1826.086957,3225.004438,4077.803204,,,,,1,,,,,4077.803204,,,,,
27,M2,M,/u/,vrc,hurt,uvrc,Muvrc,bird,bird_M21SQ.wav,bird_M21SQ.TextGrid,0.188070682,14,384.4393593,1552.993158,1853.546911,3145.936547,4050.343249,,,,,1,,,,,4050.343249,,,,,
27,M2,M,/u/,vrc,hurt,uvrc,Muvrc,bird,bird_M21SQ.wav,bird_M21SQ.TextGrid,0.188070682,15,370.7093822,1592.677346,1894.736842,3040.512692,3945.336703,,,1,,1,,,1894.736842,,3945.336703,,,,,
27,M2,M,/u/,vrc,hurt,uvrc,Muvrc,bird,bird_M21SQ.wav,bird_M21SQ.TextGrid,0.188070682,16,370.7093822,1592.677346,1935.926773,2939.947746,3885.583524,,1,1,,1,,1592.677346,1935.926773,,3885.583524,,,,,
27,M2,M,/u/,vrc,hurt,uvrc,Muvrc,bird,bird_M21SQ.wav,bird_M21SQ.TextGrid,0.188070682,17,384.4393593,1619.71784,1964.971893,2883.295195,3840.166484,1,1,1,1,1,384.4393593,1619.71784,1964.971893,2883.295195,3840.166484,,,,,
27,M2,M,/u/,vrc,hurt,uvrc,Muvrc,bird,bird_M21SQ.wav,bird_M21SQ.TextGrid,0.188070682,18,425.6292906,1647.597254,1977.116705,2828.375286,3816.933638,1,1,2,1,2,425.6292906,1647.597254,,2828.375286,,,,1977.116705,,3816.933638
27,M2,M,/u/,vrc,hurt,uvrc,Muvrc,bird,bird_M21SQ.wav,bird_M21SQ.TextGrid,0.188070682,19,439.3592677,1661.327231,1990.846682,2910.755149,3816.933638,1,1,2,2,2,439.3592677,1661.327231,,,,,,1990.846682,2910.755149,3816.933638
27,M2,M,/u/,vrc,hurt,uvrc,Muvrc,bird,bird_M21SQ.wav,bird_M21SQ.TextGrid,0.188070682,20,439.3592677,1675.057208,1990.846682,2938.215103,3816.933638,2,2,2,2,2,,,,,,439.3592677,1675.057208,1990.846682,2938.215103,3816.933638
28,M2,M,/u/,vc,hut,uvc,Muvc,bud,bud_M2.wav,bud_M2.TextGrid,0.193544453,0,535.4691076,1081.902284,2682.777789,3514.874142,4187.643021,,,,,,,,,,,,,,,
28,M2,M,/u/,vc,hut,uvc,Muvc,bud,bud_M2.wav,bud_M2.TextGrid,0.193544453,1,549.1990847,1098.398169,2704.805492,3583.524027,4187.643021,,,,,,,,,,,,,,,
28,M2,M,/u/,vc,hut,uvc,Muvc,bud,bud_M2.wav,bud_M2.TextGrid,0.193544453,2,562.9290618,1112.128146,2704.805492,3583.524027,4187.643021,,,,,,,,,,,,,,,
28,M2,M,/u/,vc,hut,uvc,Muvc,bud,bud_M2.wav,bud_M2.TextGrid,0.193544453,3,562.9290618,1112.128146,2718.535469,3556.064073,4201.372998,,,,,,,,,,,,,,,
28,M2,M,/u/,vc,hut,uvc,Muvc,bud,bud_M2.wav,bud_M2.TextGrid,0.193544453,4,562.9290618,1112.128146,2718.535469,3556.064073,4201.372998,,,,,,,,,,,,,,,
28,M2,M,/u/,vc,hut,uvc,Muvc,bud,bud_M2.wav,bud_M2.TextGrid,0.193544453,5,562.9290618,1112.128146,2718.535469,3564.87376,4173.913043,,,,,,,,,,,,,,,
28,M2,M,/u/,vc,hut,uvc,Muvc,bud,bud_M2.wav,bud_M2.TextGrid,0.193544453,6,562.9290618,1139.588101,2718.535469,3569.79405,4160.183066,,,,,,,,,,,,,,,
28,M2,M,/u/,vc,hut,uvc,Muvc,bud,bud_M2.wav,bud_M2.TextGrid,0.193544453,7,549.1990847,1139.588101,2691.898835,3583.524027,4160.183066,,,,,,,,,,,,,,,
28,M2,M,/u/,vc,hut,uvc,Muvc,bud,bud_M2.wav,bud_M2.TextGrid,0.193544453,8,549.1990847,1167.048055,2677.345538,3610.983982,4160.183066,,,,,,,,,,,,,,,
28,M2,M,/u/,vc,hut,uvc,Muvc,bud,bud_M2.wav,bud_M2.TextGrid,0.193544453,9,497.8705155,1221.967963,2677.345538,3646.127337,4160.183066,,,,,,,,,,,,,,,
28,M2,M,/u/,vc,hut,uvc,Muvc,bud,bud_M2.wav,bud_M2.TextGrid,0.193544453,10,510.6702204,1263.157895,2691.075515,3652.173913,4127.400978,,,,,,,,,,,,,,,
28,M2,M,/u/,vc,hut,uvc,Muvc,bud,bud_M2.wav,bud_M2.TextGrid,0.193544453,11,521.7391304,1290.617849,2691.075515,3734.553776,4091.533181,1,,1,1,1,521.7391304,,2691.075515,3734.553776,4091.533181,,,,,
28,M2,M,/u/,vc,hut,uvc,Muvc,bud,bud_M2.wav,bud_M2.TextGrid,0.193544453,12,521.7391304,1290.617849,2701.080205,3750.837868,4091.533181,1,1,1,1,1,521.7391304,1290.617849,2701.080205,3750.837868,4091.533181,,,,,
28,M2,M,/u/,vc,hut,uvc,Muvc,bud,bud_M2.wav,bud_M2.TextGrid,0.193544453,13,535.4691076,1290.617849,2732.265446,3762.01373,4091.533181,1,1,1,1,2,535.4691076,1290.617849,2732.265446,3762.01373,,,,,,4091.533181
28,M2,M,/u/,vc,hut,uvc,Muvc,bud,bud_M2.wav,bud_M2.TextGrid,0.193544453,14,535.4691076,1290.617849,2745.995423,3748.283753,4077.803204,1,1,1,1,2,535.4691076,1290.617849,2745.995423,3748.283753,,,,,,4077.803204
28,M2,M,/u/,vc,hut,uvc,Muvc,bud,bud_M2.wav,bud_M2.TextGrid,0.193544453,15,535.4691076,1289.700558,2745.995423,3734.553776,4077.803204,1,1,2,2,2,535.4691076,1289.700558,,,,,,2745.995423,3734.553776,4077.803204
28,M2,M,/u/,vc,hut,uvc,Muvc,bud,bud_M2.wav,bud_M2.TextGrid,0.193544453,16,535.4691076,1263.157895,2745.995423,3713.658429,4089.676303,1,1,2,2,2,535.4691076,1263.157895,,,,,,2745.995423,3713.658429,4089.676303
28,M2,M,/u/,vc,hut,uvc,Muvc,bud,bud_M2.wav,bud_M2.TextGrid,0.193544453,17,549.1990847,1263.157895,2745.995423,3693.363844,4091.533181,1,2,2,2,2,549.1990847,,,,,,1263.157895,2745.995423,3693.363844,4091.533181
28,M2,M,/u/,vc,hut,uvc,Muvc,bud,bud_M2.wav,bud_M2.TextGrid,0.193544453,18,549.1990847,1263.157895,2743.528759,3693.363844,4105.263158,2,2,2,2,2,,,,,,549.1990847,1263.157895,2743.528759,3693.363844,4105.263158
28,M2,M,/u/,vc,hut,uvc,Muvc,bud,bud_M2.wav,bud_M2.TextGrid,0.193544453,19,549.1990847,1263.157895,2737.256476,3693.363844,4146.453089,2,2,2,2,2,,,,,,549.1990847,1263.157895,2737.256476,3693.363844,4146.453089
28,M2,M,/u/,vc,hut,uvc,Muvc,bud,bud_M2.wav,bud_M2.TextGrid,0.193544453,20,549.1990847,1263.157895,2732.265446,3693.363844,4178.909143,2,2,2,2,2,,,,,,549.1990847,1263.157895,2732.265446,3693.363844,4178.909143
29,M2,M,/u/,vc,hut,uvc,Muvc,bud,bud_M22SF.wav,bud_M22SF.TextGrid,0.160777399,0,470.6652213,988.5583524,2645.931992,3514.874142,4099.039169,,,1,1,1,,,2645.931992,3514.874142,4099.039169,,,,,
29,M2,M,/u/,vc,hut,uvc,Muvc,bud,bud_M22SF.wav,bud_M22SF.TextGrid,0.160777399,1,508.0091533,1027.677856,2677.345538,3542.334096,4210.271976,,,,,,,,,,,,,,,
29,M2,M,/u/,vc,hut,uvc,Muvc,bud,bud_M22SF.wav,bud_M22SF.TextGrid,0.160777399,2,535.4691076,1084.668192,2732.265446,3542.334096,4256.292906,,,,,,,,,,,,,,,
29,M2,M,/u/,vc,hut,uvc,Muvc,bud,bud_M22SF.wav,bud_M22SF.TextGrid,0.160777399,3,535.4691076,1084.668192,2745.995423,3542.334096,4270.022883,,,,,,,,,,,,,,,
29,M2,M,/u/,vc,hut,uvc,Muvc,bud,bud_M22SF.wav,bud_M22SF.TextGrid,0.160777399,4,549.1990847,1112.128146,2787.185355,3542.334096,4297.482838,,,,,,,,,,,,,,,
29,M2,M,/u/,vc,hut,uvc,Muvc,bud,bud_M22SF.wav,bud_M22SF.TextGrid,0.160777399,5,562.9290618,1175.308919,2773.455378,3542.334096,4324.942792,,,,,,,,,,,,,,,
29,M2,M,/u/,vc,hut,uvc,Muvc,bud,bud_M22SF.wav,bud_M22SF.TextGrid,0.160777399,6,576.6590389,1221.967963,2742.258609,3542.334096,4324.942792,,,,,,,,,,,,,,,
29,M2,M,/u/,vc,hut,uvc,Muvc,bud,bud_M22SF.wav,bud_M22SF.TextGrid,0.160777399,7,576.6590389,1248.949332,2704.805492,3583.524027,4324.942792,,,,,,,,,,,,,,,
29,M2,M,/u/,vc,hut,uvc,Muvc,bud,bud_M22SF.wav,bud_M22SF.TextGrid,0.160777399,8,576.6590389,1267.239789,2691.075515,3638.443936,4360.566534,,,,,,,,,,,,,,,
29,M2,M,/u/,vc,hut,uvc,Muvc,bud,bud_M22SF.wav,bud_M22SF.TextGrid,0.160777399,9,562.9290618,1290.617849,2677.345538,3660.816287,4421.052632,,,,,,,,,,,,,,,
29,M2,M,/u/,vc,hut,uvc,Muvc,bud,bud_M22SF.wav,bud_M22SF.TextGrid,0.160777399,10,562.9290618,1316.637942,2691.075515,3679.633867,4475.97254,1,,1,1,1,562.9290618,,2691.075515,3679.633867,4475.97254,,,,,
29,M2,M,/u/,vc,hut,uvc,Muvc,bud,bud_M22SF.wav,bud_M22SF.TextGrid,0.160777399,11,562.9290618,1377.031068,2704.805492,3638.443936,4489.702517,1,1,1,1,1,562.9290618,1377.031068,2704.805492,3638.443936,4489.702517,,,,,
29,M2,M,/u/,vc,hut,uvc,Muvc,bud,bud_M22SF.wav,bud_M22SF.TextGrid,0.160777399,12,562.9290618,1414.187643,2751.724647,3572.362121,4448.512586,1,1,1,1,1,562.9290618,1414.187643,2751.724647,3572.362121,4448.512586,,,,,
29,M2,M,/u/,vc,hut,uvc,Muvc,bud,bud_M22SF.wav,bud_M22SF.TextGrid,0.160777399,13,562.9290618,1414.187643,2828.375286,3569.79405,4448.512586,1,1,1,2,2,562.9290618,1414.187643,2828.375286,,,,,,3569.79405,4448.512586
29,M2,M,/u/,vc,hut,uvc,Muvc,bud,bud_M22SF.wav,bud_M22SF.TextGrid,0.160777399,14,562.9290618,1372.997712,2828.375286,3581.603914,4448.512586,1,1,1,2,2,562.9290618,1372.997712,2828.375286,,,,,,3581.603914,4448.512586
29,M2,M,/u/,vc,hut,uvc,Muvc,bud,bud_M22SF.wav,bud_M22SF.TextGrid,0.160777399,15,590.389016,1359.267735,2828.375286,3583.524027,4423.644971,1,1,2,2,2,590.389016,1359.267735,,,,,,2828.375286,3583.524027,4423.644971
29,M2,M,/u/,vc,hut,uvc,Muvc,bud,bud_M22SF.wav,bud_M22SF.TextGrid,0.160777399,16,590.389016,1345.537757,2828.375286,3583.524027,4405.539572,1,1,2,2,2,590.389016,1345.537757,,,,,,2828.375286,3583.524027,4405.539572
29,M2,M,/u/,vc,hut,uvc,Muvc,bud,bud_M22SF.wav,bud_M22SF.TextGrid,0.160777399,17,590.389016,1359.267735,2842.105263,3583.524027,4379.8627,1,2,2,2,2,590.389016,,,,,,1359.267735,2842.105263,3583.524027,4379.8627
29,M2,M,/u/,vc,hut,uvc,Muvc,bud,bud_M22SF.wav,bud_M22SF.TextGrid,0.160777399,18,590.389016,1379.825155,2856.243183,3583.524027,4379.8627,1,2,2,2,2,590.389016,,,,,,1379.825155,2856.243183,3583.524027,4379.8627
29,M2,M,/u/,vc,hut,uvc,Muvc,bud,bud_M22SF.wav,bud_M22SF.TextGrid,0.160777399,19,590.389016,1400.457666,2869.565217,3583.524027,4379.8627,2,2,2,2,2,,,,,,590.389016,1400.457666,2869.565217,3583.524027,4379.8627
29,M2,M,/u/,vc,hut,uvc,Muvc,bud,bud_M22SF.wav,bud_M22SF.TextGrid,0.160777399,20,604.1189931,1414.187643,2897.025172,3583.524027,4393.592677,2,2,2,2,2,,,,,,604.1189931,1414.187643,2897.025172,3583.524027,4393.592677
61,M1,M,/u/,vrc,hurt,uvrc,Muvrc,hurt,hurt_M1.wav,hurt_M1.TextGrid,0.241625531,0,494.2791762,1331.80778,1647.597254,3254.004577,3954.23341,,,,1,1,,,,3254.004577,3954.23341,,,,,
61,M1,M,/u/,vrc,hurt,uvrc,Muvrc,hurt,hurt_M1.wav,hurt_M1.TextGrid,0.241625531,1,494.2791762,1279.370251,1647.597254,3254.004577,3871.853547,,,,1,,,,,3254.004577,,,,,,
61,M1,M,/u/,vrc,hurt,uvrc,Muvrc,hurt,hurt_M1.wav,hurt_M1.TextGrid,0.241625531,2,494.2791762,1290.585895,1633.867277,3267.734554,3789.633456,,,,1,,,,,3267.734554,,,,,,
61,M1,M,/u/,vrc,hurt,uvrc,Muvrc,hurt,hurt_M1.wav,hurt_M1.TextGrid,0.241625531,3,466.819222,1290.617849,1633.867277,3281.464531,3707.093822,,,,1,1,,,,3281.464531,3707.093822,,,,,
61,M1,M,/u/,vrc,hurt,uvrc,Muvrc,hurt,hurt_M1.wav,hurt_M1.TextGrid,0.241625531,4,453.0892449,1304.347826,1633.867277,3281.464531,3734.553776,,,,1,1,,,,3281.464531,3734.553776,,,,,
61,M1,M,/u/,vrc,hurt,uvrc,Muvrc,hurt,hurt_M1.wav,hurt_M1.TextGrid,0.241625531,5,438.1355452,1304.347826,1674.318966,3350.114416,3762.01373,,,,1,,,,,3350.114416,,,,,,
61,M1,M,/u/,vrc,hurt,uvrc,Muvrc,hurt,hurt_M1.wav,hurt_M1.TextGrid,0.241625531,6,439.3592677,1304.347826,1661.327231,3377.574371,3789.473684,,,,1,,,,,3377.574371,,,,,,
61,M1,M,/u/,vrc,hurt,uvrc,Muvrc,hurt,hurt_M1.wav,hurt_M1.TextGrid,0.241625531,7,453.0892449,1304.347826,1678.961447,3377.574371,3816.933638,,,,1,,,,,3377.574371,,,,,,
61,M1,M,/u/,vrc,hurt,uvrc,Muvrc,hurt,hurt_M1.wav,hurt_M1.TextGrid,0.241625531,8,453.0892449,1327.317289,1729.977117,3391.304348,3830.663616,1,1,1,1,1,453.0892449,1327.317289,1729.977117,3391.304348,3830.663616,,,,,
61,M1,M,/u/,vrc,hurt,uvrc,Muvrc,hurt,hurt_M1.wav,hurt_M1.TextGrid,0.241625531,9,453.0892449,1359.267735,1757.437071,3391.304348,3843.885079,1,1,1,2,2,453.0892449,1359.267735,1757.437071,,,,,,3391.304348,3843.885079
61,M1,M,/u/,vrc,hurt,uvrc,Muvrc,hurt,hurt_M1.wav,hurt_M1.TextGrid,0.241625531,10,453.0892449,1414.187643,1757.437071,3382.744436,3875.73578,1,1,2,2,2,453.0892449,1414.187643,,,,,,1757.437071,3382.744436,3875.73578
61,M1,M,/u/,vrc,hurt,uvrc,Muvrc,hurt,hurt_M1.wav,hurt_M1.TextGrid,0.241625531,11,473.8236356,1427.91762,1757.437071,3377.574371,3886.061098,1,1,2,2,2,473.8236356,1427.91762,,,,,,1757.437071,3377.574371,3886.061098
61,M1,M,/u/,vrc,hurt,uvrc,Muvrc,hurt,hurt_M1.wav,hurt_M1.TextGrid,0.241625531,12,480.5491991,1455.377574,1778.21247,3377.574371,3892.63324,1,1,2,2,2,480.5491991,1455.377574,,,,,,1778.21247,3377.574371,3892.63324
61,M1,M,/u/,vrc,hurt,uvrc,Muvrc,hurt,hurt_M1.wav,hurt_M1.TextGrid,0.241625531,13,480.5491991,1467.875073,1784.897025,3377.574371,3899.205383,1,2,2,2,2,480.5491991,,,,,,1467.875073,1784.897025,3377.574371,3899.205383
61,M1,M,/u/,vrc,hurt,uvrc,Muvrc,hurt,hurt_M1.wav,hurt_M1.TextGrid,0.241625531,14,453.0892449,1482.837529,1825.17741,3377.574371,3916.44706,1,2,2,2,2,453.0892449,,,,,,1482.837529,1825.17741,3377.574371,3916.44706
61,M1,M,/u/,vrc,hurt,uvrc,Muvrc,hurt,hurt_M1.wav,hurt_M1.TextGrid,0.241625531,15,439.3592677,1497.387682,1853.546911,3382.619155,3933.867197,2,2,2,2,2,,,,,,439.3592677,1497.387682,1853.546911,3382.619155,3933.867197
61,M1,M,/u/,vrc,hurt,uvrc,Muvrc,hurt,hurt_M1.wav,hurt_M1.TextGrid,0.241625531,16,439.3592677,1519.631857,1867.276888,3404.86333,3951.287334,2,2,2,2,2,,,,,,439.3592677,1519.631857,1867.276888,3404.86333,3951.287334
61,M1,M,/u/,vrc,hurt,uvrc,Muvrc,hurt,hurt_M1.wav,hurt_M1.TextGrid,0.241625531,17,425.6292906,1528.957535,1894.736842,3429.7943,3968.913525,2,2,2,2,2,,,,,,425.6292906,1528.957535,1894.736842,3429.7943,3968.913525
61,M1,M,/u/,vrc,hurt,uvrc,Muvrc,hurt,hurt_M1.wav,hurt_M1.TextGrid,0.241625531,18,425.6292906,1542.245193,1908.466819,3459.201853,3991.1577,2,2,2,2,2,,,,,,425.6292906,1542.245193,1908.466819,3459.201853,3991.1577
61,M1,M,/u/,vrc,hurt,uvrc,Muvrc,hurt,hurt_M1.wav,hurt_M1.TextGrid,0.241625531,19,425.6292906,1565.217391,1908.466819,3488.609406,4013.401875,2,2,2,2,2,,,,,,425.6292906,1565.217391,1908.466819,3488.609406,4013.401875
61,M1,M,/u/,vrc,hurt,uvrc,Muvrc,hurt,hurt_M1.wav,hurt_M1.TextGrid,0.241625531,20,415.1133036,1565.217391,1916.477677,3512.995295,4035.646051,2,2,2,2,2,,,,,,415.1133036,1565.217391,1916.477677,3512.995295,4035.646051
62,M1,M,/u/,vrc,hurt,uvrc,Muvrc,hurt,hurt_M11SQ.wav,hurt_M11SQ.TextGrid,0.23595947,0,494.2791762,1399.588305,1688.787185,3048.05492,3523.447886,,,,1,1,,,,3048.05492,3523.447886,,,,,
62,M1,M,/u/,vrc,hurt,uvrc,Muvrc,hurt,hurt_M11SQ.wav,hurt_M11SQ.TextGrid,0.23595947,1,494.2791762,1400.457666,1716.24714,3048.05492,3565.708675,,,,1,1,,,,3048.05492,3565.708675,,,,,
62,M1,M,/u/,vrc,hurt,uvrc,Muvrc,hurt,hurt_M11SQ.wav,hurt_M11SQ.TextGrid,0.23595947,2,494.2791762,1400.457666,1743.707094,3048.05492,3595.679927,,,,1,1,,,,3048.05492,3595.679927,,,,,
62,M1,M,/u/,vrc,hurt,uvrc,Muvrc,hurt,hurt_M11SQ.wav,hurt_M11SQ.TextGrid,0.23595947,3,494.2791762,1414.187643,1743.707094,3048.05492,3665.90389,,,,1,1,,,,3048.05492,3665.90389,,,,,
62,M1,M,/u/,vrc,hurt,uvrc,Muvrc,hurt,hurt_M11SQ.wav,hurt_M11SQ.TextGrid,0.23595947,4,494.2791762,1414.187643,1743.707094,3048.05492,3693.363844,,,,1,,,,,3048.05492,,,,,,
62,M1,M,/u/,vrc,hurt,uvrc,Muvrc,hurt,hurt_M11SQ.wav,hurt_M11SQ.TextGrid,0.23595947,5,494.2791762,1400.457666,1729.977117,3048.05492,3693.363844,,,,1,,,,,3048.05492,,,,,,
62,M1,M,/u/,vrc,hurt,uvrc,Muvrc,hurt,hurt_M11SQ.wav,hurt_M11SQ.TextGrid,0.23595947,6,494.2791762,1400.457666,1716.24714,3075.514874,3679.633867,,,,1,,,,,3075.514874,,,,,,
62,M1,M,/u/,vrc,hurt,uvrc,Muvrc,hurt,hurt_M11SQ.wav,hurt_M11SQ.TextGrid,0.23595947,7,466.819222,1414.187643,1716.24714,3075.514874,3624.617336,,,,1,1,,,,3075.514874,3624.617336,,,,,
62,M1,M,/u/,vrc,hurt,uvrc,Muvrc,hurt,hurt_M11SQ.wav,hurt_M11SQ.TextGrid,0.23595947,8,453.0892449,1414.187643,1716.24714,3113.016576,3624.713959,,,,1,1,,,,3113.016576,3624.713959,,,,,
62,M1,M,/u/,vrc,hurt,uvrc,Muvrc,hurt,hurt_M11SQ.wav,hurt_M11SQ.TextGrid,0.23595947,9,407.1370354,1414.187643,1716.24714,3171.624714,3597.254005,,,1,1,1,,,1716.24714,3171.624714,3597.254005,,,,,
62,M1,M,/u/,vrc,hurt,uvrc,Muvrc,hurt,hurt_M11SQ.wav,hurt_M11SQ.TextGrid,0.23595947,10,439.3592677,1414.187643,1702.517162,3212.814645,3583.524027,1,1,1,1,2,439.3592677,1414.187643,1702.517162,3212.814645,,,,,,3583.524027
62,M1,M,/u/,vrc,hurt,uvrc,Muvrc,hurt,hurt_M11SQ.wav,hurt_M11SQ.TextGrid,0.23595947,11,425.6292906,1414.187643,1729.977117,3212.814645,3583.524027,1,1,1,2,2,425.6292906,1414.187643,1729.977117,,,,,,3212.814645,3583.524027
62,M1,M,/u/,vrc,hurt,uvrc,Muvrc,hurt,hurt_M11SQ.wav,hurt_M11SQ.TextGrid,0.23595947,12,425.6292906,1427.91762,1729.977117,3212.814645,3583.524027,1,1,1,2,2,425.6292906,1427.91762,1729.977117,,,,,,3212.814645,3583.524027
62,M1,M,/u/,vrc,hurt,uvrc,Muvrc,hurt,hurt_M11SQ.wav,hurt_M11SQ.TextGrid,0.23595947,13,425.6292906,1441.647597,1780.861968,3199.084668,3583.524027,1,1,2,2,2,425.6292906,1441.647597,,,,,,1780.861968,3199.084668,3583.524027
62,M1,M,/u/,vrc,hurt,uvrc,Muvrc,hurt,hurt_M11SQ.wav,hurt_M11SQ.TextGrid,0.23595947,14,411.8993135,1441.647597,1798.627002,3199.084668,3583.524027,1,2,2,2,2,411.8993135,,,,,,1441.647597,1798.627002,3199.084668,3583.524027
62,M1,M,/u/,vrc,hurt,uvrc,Muvrc,hurt,hurt_M11SQ.wav,hurt_M11SQ.TextGrid,0.23595947,15,411.8993135,1462.526662,1798.627002,3212.814645,3583.524027,2,2,2,2,2,,,,,,411.8993135,1462.526662,1798.627002,3212.814645,3583.524027
62,M1,M,/u/,vrc,hurt,uvrc,Muvrc,hurt,hurt_M11SQ.wav,hurt_M11SQ.TextGrid,0.23595947,16,411.8993135,1469.107551,1784.897025,3212.814645,3583.524027,2,2,2,2,2,,,,,,411.8993135,1469.107551,1784.897025,3212.814645,3583.524027
62,M1,M,/u/,vrc,hurt,uvrc,Muvrc,hurt,hurt_M11SQ.wav,hurt_M11SQ.TextGrid,0.23595947,17,411.8993135,1469.107551,1784.897025,3212.814645,3565.143217,2,2,2,2,2,,,,,,411.8993135,1469.107551,1784.897025,3212.814645,3565.143217
62,M1,M,/u/,vrc,hurt,uvrc,Muvrc,hurt,hurt_M11SQ.wav,hurt_M11SQ.TextGrid,0.23595947,18,411.8993135,1469.107551,1784.897025,3212.814645,3555.200644,2,2,2,2,2,,,,,,411.8993135,1469.107551,1784.897025,3212.814645,3555.200644
62,M1,M,/u/,vrc,hurt,uvrc,Muvrc,hurt,hurt_M11SQ.wav,hurt_M11SQ.TextGrid,0.23595947,19,411.8993135,1469.107551,1784.897025,3212.814645,3545.258071,2,2,2,2,2,,,,,,411.8993135,1469.107551,1784.897025,3212.814645,3545.258071
62,M1,M,/u/,vrc,hurt,uvrc,Muvrc,hurt,hurt_M11SQ.wav,hurt_M11SQ.TextGrid,0.23595947,20,398.1693364,1469.107551,1784.897025,3240.040923,3542.334096,2,2,2,2,2,,,,,,398.1693364,1469.107551,1784.897025,3240.040923,3542.334096
63,M1,M,/u/,vc,hut,uvc,Muvc,hut,hut_M1.wav,hut_M1.TextGrid,0.191351921,0,631.5789474,1125.858124,2512.585812,3707.093822,4228.832952,1,,,1,2,631.5789474,,,3707.093822,,,,,,4228.832952
63,M1,M,/u/,vc,hut,uvc,Muvc,hut,hut_M1.wav,hut_M1.TextGrid,0.191351921,1,615.7883628,1139.588101,2498.855835,3693.363844,4187.643021,,,,,1,,,,,4187.643021,,,,,
63,M1,M,/u/,vc,hut,uvc,Muvc,hut,hut_M1.wav,hut_M1.TextGrid,0.191351921,2,604.1189931,1153.420837,2498.855835,3652.071154,4109.771311,,,,,,,,,,,,,,,
63,M1,M,/u/,vc,hut,uvc,Muvc,hut,hut_M1.wav,hut_M1.TextGrid,0.191351921,3,604.1189931,1180.778032,2485.125858,3624.713959,4030.714689,,,,,,,,,,,,,,,
63,M1,M,/u/,vc,hut,uvc,Muvc,hut,hut_M1.wav,hut_M1.TextGrid,0.191351921,4,590.389016,1241.493765,2471.395881,3604.653575,4009.153318,,,,,,,,,,,,,,,
63,M1,M,/u/,vc,hut,uvc,Muvc,hut,hut_M1.wav,hut_M1.TextGrid,0.191351921,5,549.1990847,1290.617849,2457.665904,3597.254005,4022.883295,,,,,,,,,,,,,,,
63,M1,M,/u/,vc,hut,uvc,Muvc,hut,hut_M1.wav,hut_M1.TextGrid,0.191351921,6,549.1990847,1276.887872,2457.665904,3597.254005,4047.355133,,,,,,,,,,,,,,,
63,M1,M,/u/,vc,hut,uvc,Muvc,hut,hut_M1.wav,hut_M1.TextGrid,0.191351921,7,549.1990847,1331.80778,2457.665904,3610.983982,4079.014094,,,1,1,1,,,2457.665904,3610.983982,4079.014094,,,,,
63,M1,M,/u/,vc,hut,uvc,Muvc,hut,hut_M1.wav,hut_M1.TextGrid,0.191351921,8,549.1990847,1359.267735,2487.427177,3610.983982,4118.993135,,,,1,,,,,3610.983982,,,,,,
63,M1,M,/u/,vc,hut,uvc,Muvc,hut,hut_M1.wav,hut_M1.TextGrid,0.191351921,9,535.4691076,1400.457666,2498.855835,3641.593191,4173.913043,,,1,1,1,,,2498.855835,3641.593191,4173.913043,,,,,
63,M1,M,/u/,vc,hut,uvc,Muvc,hut,hut_M1.wav,hut_M1.TextGrid,0.191351921,10,535.4691076,1427.91762,2498.855835,3701.36886,4256.292906,1,1,1,2,1,535.4691076,1427.91762,2498.855835,,4256.292906,,,,3701.36886,
63,M1,M,/u/,vc,hut,uvc,Muvc,hut,hut_M1.wav,hut_M1.TextGrid,0.191351921,11,549.1990847,1455.377574,2498.855835,3758.572374,4270.022883,1,1,2,2,2,549.1990847,1455.377574,,,,,,2498.855835,3758.572374,4270.022883
63,M1,M,/u/,vc,hut,uvc,Muvc,hut,hut_M1.wav,hut_M1.TextGrid,0.191351921,12,549.1990847,1496.567506,2498.855835,3817.918644,4287.73942,1,1,2,2,2,549.1990847,1496.567506,,,,,,2498.855835,3817.918644,4287.73942
63,M1,M,/u/,vc,hut,uvc,Muvc,hut,hut_M1.wav,hut_M1.TextGrid,0.191351921,13,549.1990847,1510.297483,2512.585812,3885.583524,4325.360528,1,1,2,2,1,549.1990847,1510.297483,,,4325.360528,,,2512.585812,3885.583524,
63,M1,M,/u/,vc,hut,uvc,Muvc,hut,hut_M1.wav,hut_M1.TextGrid,0.191351921,14,562.9290618,1565.217391,2512.585812,3913.043478,4366.132723,1,1,1,1,1,562.9290618,1565.217391,2512.585812,3913.043478,4366.132723,,,,,
63,M1,M,/u/,vc,hut,uvc,Muvc,hut,hut_M1.wav,hut_M1.TextGrid,0.191351921,15,576.6590389,1606.407323,2524.325383,3940.503432,4407.322654,2,2,1,1,2,,,2524.325383,3940.503432,,576.6590389,1606.407323,,,4407.322654
63,M1,M,/u/,vc,hut,uvc,Muvc,hut,hut_M1.wav,hut_M1.TextGrid,0.191351921,16,576.6590389,1633.514215,2545.456392,3970.739889,4436.390973,2,2,2,2,2,,,,,,576.6590389,1633.514215,2545.456392,3970.739889,4436.390973
63,M1,M,/u/,vc,hut,uvc,Muvc,hut,hut_M1.wav,hut_M1.TextGrid,0.191351921,17,576.6590389,1647.597254,2567.505721,3995.423341,4464.361514,2,2,2,2,2,,,,,,576.6590389,1647.597254,2567.505721,3995.423341,4464.361514
63,M1,M,/u/,vc,hut,uvc,Muvc,hut,hut_M1.wav,hut_M1.TextGrid,0.191351921,18,576.6590389,1647.597254,2578.301586,4013.682254,4489.702517,2,2,2,2,2,,,,,,576.6590389,1647.597254,2578.301586,4013.682254,4489.702517
63,M1,M,/u/,vc,hut,uvc,Muvc,hut,hut_M1.wav,hut_M1.TextGrid,0.191351921,19,563.4496879,1688.787185,2594.965675,4064.292674,4489.702517,2,2,2,2,2,,,,,,563.4496879,1688.787185,2594.965675,4064.292674,4489.702517
63,M1,M,/u/,vc,hut,uvc,Muvc,hut,hut_M1.wav,hut_M1.TextGrid,0.191351921,20,549.1990847,1709.655052,2594.965675,4091.533181,4503.432494,2,2,2,2,2,,,,,,549.1990847,1709.655052,2594.965675,4091.533181,4503.432494
64,M1,M,/u/,vc,hut,uvc,Muvc,hut,hut_M12UFg.wav,hut_M12UFg.TextGrid,0.106248898,0,617.8489703,1235.697941,2306.636156,3254.004577,3967.963387,1,1,1,1,2,617.8489703,1235.697941,2306.636156,3254.004577,,,,,,3967.963387
64,M1,M,/u/,vc,hut,uvc,Muvc,hut,hut_M12UFg.wav,hut_M12UFg.TextGrid,0.106248898,1,617.8489703,1235.697941,2306.636156,3281.464531,3981.693364,1,1,1,1,2,617.8489703,1235.697941,2306.636156,3281.464531,,,,,,3981.693364
64,M1,M,/u/,vc,hut,uvc,Muvc,hut,hut_M12UFg.wav,hut_M12UFg.TextGrid,0.106248898,2,617.8489703,1235.697941,2306.636156,3308.924485,3985.793496,,1,1,1,2,,1235.697941,2306.636156,3308.924485,,,,,,3985.793496
64,M1,M,/u/,vc,hut,uvc,Muvc,hut,hut_M12UFg.wav,hut_M12UFg.TextGrid,0.106248898,3,617.8489703,1235.697941,2277.771885,3342.880668,4009.153318,,,1,2,2,,,2277.771885,,,,,,3342.880668,4009.153318
64,M1,M,/u/,vc,hut,uvc,Muvc,hut,hut_M12UFg.wav,hut_M12UFg.TextGrid,0.106248898,4,617.8489703,1235.697941,2265.446224,3446.224256,4064.073227,,,,,1,,,,,4064.073227,,,,,
64,M1,M,/u/,vc,hut,uvc,Muvc,hut,hut_M12UFg.wav,hut_M12UFg.TextGrid,0.106248898,5,604.1189931,1235.697941,2237.98627,3528.604119,4077.803204,,,,,1,,,,,4077.803204,,,,,
64,M1,M,/u/,vc,hut,uvc,Muvc,hut,hut_M12UFg.wav,hut_M12UFg.TextGrid,0.106248898,6,590.389016,1208.237986,2224.256293,3528.604119,4091.533181,,,,,1,,,,,4091.533181,,,,,
64,M1,M,/u/,vc,hut,uvc,Muvc,hut,hut_M12UFg.wav,hut_M12UFg.TextGrid,0.106248898,7,590.389016,1180.778032,2196.796339,3542.334096,4132.723112,,,,,1,,,,,4132.723112,,,,,
64,M1,M,/u/,vc,hut,uvc,Muvc,hut,hut_M12UFg.wav,hut_M12UFg.TextGrid,0.106248898,8,590.389016,1153.318078,2183.066362,3542.334096,4143.477608,,,1,,1,,,2183.066362,,4143.477608,,,,,
64,M1,M,/u/,vc,hut,uvc,Muvc,hut,hut_M12UFg.wav,hut_M12UFg.TextGrid,0.106248898,9,576.6590389,1139.588101,2183.066362,3459.954233,4064.273434,,,,,1,,,,,4064.273434,,,,,
64,M1,M,/u/,vc,hut,uvc,Muvc,hut,hut_M12UFg.wav,hut_M12UFg.TextGrid,0.106248898,10,549.1990847,1139.588101,2196.796339,3381.25038,4036.613272,,1,1,1,1,,1139.588101,2196.796339,3381.25038,4036.613272,,,,,
64,M1,M,/u/,vc,hut,uvc,Muvc,hut,hut_M12UFg.wav,hut_M12UFg.TextGrid,0.106248898,11,521.7391304,1098.398169,2196.796339,3295.194508,4091.533181,1,1,1,1,2,521.7391304,1098.398169,2196.796339,3295.194508,,,,,,4091.533181
64,M1,M,/u/,vc,hut,uvc,Muvc,hut,hut_M12UFg.wav,hut_M12UFg.TextGrid,0.106248898,12,469.775147,1071.73933,2196.796339,3281.464531,4091.533181,1,1,1,2,2,469.775147,1071.73933,2196.796339,,,,,,3281.464531,4091.533181
64,M1,M,/u/,vc,hut,uvc,Muvc,hut,hut_M12UFg.wav,hut_M12UFg.TextGrid,0.106248898,13,425.6292906,1043.478261,2196.796339,3248.829682,4091.533181,1,1,1,2,2,425.6292906,1043.478261,2196.796339,,,,,,3248.829682,4091.533181
64,M1,M,/u/,vc,hut,uvc,Muvc,hut,hut_M12UFg.wav,hut_M12UFg.TextGrid,0.106248898,14,425.6292906,974.9335606,2196.796339,3254.004577,4091.533181,1,1,1,2,2,425.6292906,974.9335606,2196.796339,,,,,,3254.004577,4091.533181
64,M1,M,/u/,vc,hut,uvc,Muvc,hut,hut_M12UFg.wav,hut_M12UFg.TextGrid,0.106248898,15,425.6292906,883.6032471,2183.066362,3294.166148,4064.073227,1,1,1,2,2,425.6292906,883.6032471,2183.066362,,,,,,3294.166148,4064.073227
64,M1,M,/u/,vc,hut,uvc,Muvc,hut,hut_M12UFg.wav,hut_M12UFg.TextGrid,0.106248898,16,439.3592677,878.7185355,2151.488076,3295.194508,4046.682143,1,1,2,2,2,439.3592677,878.7185355,,,,,,2151.488076,3295.194508,4046.682143
64,M1,M,/u/,vc,hut,uvc,Muvc,hut,hut_M12UFg.wav,hut_M12UFg.TextGrid,0.106248898,17,439.3592677,878.7185355,2138.156672,3295.194508,4036.613272,1,1,2,2,2,439.3592677,878.7185355,,,,,,2138.156672,3295.194508,4036.613272
64,M1,M,/u/,vc,hut,uvc,Muvc,hut,hut_M12UFg.wav,hut_M12UFg.TextGrid,0.106248898,18,439.3592677,892.4485126,2141.87643,3295.194508,4032.687574,1,2,2,2,2,439.3592677,,,,,,892.4485126,2141.87643,3295.194508,4032.687574
64,M1,M,/u/,vc,hut,uvc,Muvc,hut,hut_M12UFg.wav,hut_M12UFg.TextGrid,0.106248898,19,436.4252616,878.7185355,2155.606407,3298.357687,4027.225239,2,2,2,2,2,,,,,,436.4252616,878.7185355,2155.606407,3298.357687,4027.225239
64,M1,M,/u/,vc,hut,uvc,Muvc,hut,hut_M12UFg.wav,hut_M12UFg.TextGrid,0.106248898,20,425.6292906,878.7185355,2169.336384,3322.654462,4036.613272,2,2,2,2,2,,,,,,425.6292906,878.7185355,2169.336384,3322.654462,4036.613272
65,M1,M,/u/,vc,hut,uvc,Muvc,hut,hut_M13UFg.wav,hut_M13UFg.TextGrid,0.231051287,0,645.3089245,1139.588101,2251.716247,3501.144165,3995.423341,,,1,1,1,,,2251.716247,3501.144165,3995.423341,,,,,
65,M1,M,/u/,vc,hut,uvc,Muvc,hut,hut_M13UFg.wav,hut_M13UFg.TextGrid,0.231051287,1,645.706285,1139.588101,2251.716247,3504.953484,3954.23341,,,,,,,,,,,,,,,
65,M1,M,/u/,vc,hut,uvc,Muvc,hut,hut_M13UFg.wav,hut_M13UFg.TextGrid,0.231051287,2,631.5789474,1139.588101,2251.716247,3514.874142,3954.23341,,,,,,,,,,,,,,,
65,M1,M,/u/,vc,hut,uvc,Muvc,hut,hut_M13UFg.wav,hut_M13UFg.TextGrid,0.231051287,3,631.5789474,1153.318078,2265.446224,3528.604119,3981.693364,,,,,1,,,,,3981.693364,,,,,
65,M1,M,/u/,vc,hut,uvc,Muvc,hut,hut_M13UFg.wav,hut_M13UFg.TextGrid,0.231051287,4,617.8489703,1167.048055,2279.176201,3539.703167,4022.883295,,,1,1,1,,,2279.176201,3539.703167,4022.883295,,,,,
65,M1,M,/u/,vc,hut,uvc,Muvc,hut,hut_M13UFg.wav,hut_M13UFg.TextGrid,0.231051287,5,617.8489703,1155.452106,2237.98627,3528.604119,4064.073227,,,1,1,2,,,2237.98627,3528.604119,,,,,,4064.073227
65,M1,M,/u/,vc,hut,uvc,Muvc,hut,hut_M13UFg.wav,hut_M13UFg.TextGrid,0.231051287,6,631.5789474,1194.508009,2237.98627,3528.604119,4064.073227,1,1,1,2,2,631.5789474,1194.508009,2237.98627,,,,,,3528.604119,4064.073227
65,M1,M,/u/,vc,hut,uvc,Muvc,hut,hut_M13UFg.wav,hut_M13UFg.TextGrid,0.231051287,7,665.6591263,1180.778032,2237.98627,3528.604119,4077.803204,1,2,1,2,2,665.6591263,,2237.98627,,,,1180.778032,,3528.604119,4077.803204
65,M1,M,/u/,vc,hut,uvc,Muvc,hut,hut_M13UFg.wav,hut_M13UFg.TextGrid,0.231051287,8,672.7688787,1167.048055,2251.716247,3528.604119,4118.993135,1,2,2,2,2,672.7688787,,,,,,1167.048055,2251.716247,3528.604119,4118.993135
65,M1,M,/u/,vc,hut,uvc,Muvc,hut,hut_M13UFg.wav,hut_M13UFg.TextGrid,0.231051287,9,686.4988558,1167.048055,2251.716247,3528.604119,4132.723112,1,2,2,2,2,686.4988558,,,,,,1167.048055,2251.716247,3528.604119,4132.723112
65,M1,M,/u/,vc,hut,uvc,Muvc,hut,hut_M13UFg.wav,hut_M13UFg.TextGrid,0.231051287,10,686.4988558,1153.318078,2251.716247,3528.604119,4146.453089,1,2,2,2,2,686.4988558,,,,,,1153.318078,2251.716247,3528.604119,4146.453089
65,M1,M,/u/,vc,hut,uvc,Muvc,hut,hut_M13UFg.wav,hut_M13UFg.TextGrid,0.231051287,11,686.4988558,1153.318078,2251.716247,3528.604119,4160.183066,1,2,2,2,2,686.4988558,,,,,,1153.318078,2251.716247,3528.604119,4160.183066
65,M1,M,/u/,vc,hut,uvc,Muvc,hut,hut_M13UFg.wav,hut_M13UFg.TextGrid,0.231051287,12,678.9811007,1167.048055,2251.716247,3500.953462,4160.183066,2,2,2,2,2,,,,,,678.9811007,1167.048055,2251.716247,3500.953462,4160.183066
65,M1,M,/u/,vc,hut,uvc,Muvc,hut,hut_M13UFg.wav,hut_M13UFg.TextGrid,0.231051287,13,659.0389016,1194.313048,2237.98627,3473.684211,4173.913043,2,2,2,2,2,,,,,,659.0389016,1194.313048,2237.98627,3473.684211,4173.913043
65,M1,M,/u/,vc,hut,uvc,Muvc,hut,hut_M13UFg.wav,hut_M13UFg.TextGrid,0.231051287,14,659.0389016,1244.910115,2237.98627,3473.534951,4173.913043,2,2,2,2,2,,,,,,659.0389016,1244.910115,2237.98627,3473.534951,4173.913043
65,M1,M,/u/,vc,hut,uvc,Muvc,hut,hut_M13UFg.wav,hut_M13UFg.TextGrid,0.231051287,15,659.0389016,1263.157895,2237.98627,3459.954233,4173.913043,2,2,2,2,2,,,,,,659.0389016,1263.157895,2237.98627,3459.954233,4173.913043
65,M1,M,/u/,vc,hut,uvc,Muvc,hut,hut_M13UFg.wav,hut_M13UFg.TextGrid,0.231051287,16,659.0389016,1276.887872,2237.98627,3459.954233,4173.913043,2,2,2,2,2,,,,,,659.0389016,1276.887872,2237.98627,3459.954233,4173.913043
65,M1,M,/u/,vc,hut,uvc,Muvc,hut,hut_M13UFg.wav,hut_M13UFg.TextGrid,0.231051287,17,639.3148588,1290.617849,2237.98627,3452.135887,4173.913043,2,2,2,2,2,,,,,,639.3148588,1290.617849,2237.98627,3452.135887,4173.913043
65,M1,M,/u/,vc,hut,uvc,Muvc,hut,hut_M13UFg.wav,hut_M13UFg.TextGrid,0.231051287,18,631.5789474,1290.617849,2207.252274,3446.224256,4160.183066,2,2,2,2,2,,,,,,631.5789474,1290.617849,2207.252274,3446.224256,4160.183066
65,M1,M,/u/,vc,hut,uvc,Muvc,hut,hut_M13UFg.wav,hut_M13UFg.TextGrid,0.231051287,19,631.5789474,1290.617849,2170.486173,3446.224256,4146.453089,2,2,2,2,2,,,,,,631.5789474,1290.617849,2170.486173,3446.224256,4146.453089
65,M1,M,/u/,vc,hut,uvc,Muvc,hut,hut_M13UFg.wav,hut_M13UFg.TextGrid,0.231051287,20,631.5789474,1290.617849,2169.336384,3446.224256,4146.453089,2,2,2,2,2,,,,,,631.5789474,1290.617849,2169.336384,3446.224256,4146.453089
66,M2,M,/u/,vrc,hurt,uvrc,Muvrc,hurt,hurt_M2.wav,hurt_M2.TextGrid,0.237917714,0,576.6590389,1350.232229,1881.006865,3432.140843,4118.993135,,1,1,2,2,,1350.232229,1881.006865,,,,,,3432.140843,4118.993135
66,M2,M,/u/,vrc,hurt,uvrc,Muvrc,hurt,hurt_M2.wav,hurt_M2.TextGrid,0.237917714,1,555.6405318,1359.267735,1839.816934,3363.844394,4201.372998,,,,1,1,,,,3363.844394,4201.372998,,,,,
66,M2,M,/u/,vrc,hurt,uvrc,Muvrc,hurt,hurt_M2.wav,hurt_M2.TextGrid,0.237917714,2,535.4691076,1345.537757,1798.627002,3422.292844,4270.022883,,,,1,1,,,,3422.292844,4270.022883,,,,,
66,M2,M,/u/,vrc,hurt,uvrc,Muvrc,hurt,hurt_M2.wav,hurt_M2.TextGrid,0.237917714,3,535.4691076,1318.077803,1798.627002,3542.334096,4311.212815,,,,,,,,,,,,,,,
66,M2,M,/u/,vrc,hurt,uvrc,Muvrc,hurt,hurt_M2.wav,hurt_M2.TextGrid,0.237917714,4,535.4691076,1304.347826,1798.627002,3522.253908,4326.172753,,,,,,,,,,,,,,,
66,M2,M,/u/,vrc,hurt,uvrc,Muvrc,hurt,hurt_M2.wav,hurt_M2.TextGrid,0.237917714,5,508.0091533,1304.347826,1798.627002,3452.641217,4256.292906,,,,,,,,,,,,,,,
66,M2,M,/u/,vrc,hurt,uvrc,Muvrc,hurt,hurt_M2.wav,hurt_M2.TextGrid,0.237917714,6,521.7391304,1304.347826,1798.627002,3377.574371,4207.469023,,,,,,,,,,,,,,,
66,M2,M,/u/,vrc,hurt,uvrc,Muvrc,hurt,hurt_M2.wav,hurt_M2.TextGrid,0.237917714,7,503.6472277,1304.347826,1798.627002,3377.574371,4163.520484,,,,,1,,,,,4163.520484,,,,,
66,M2,M,/u/,vrc,hurt,uvrc,Muvrc,hurt,hurt_M2.wav,hurt_M2.TextGrid,0.237917714,8,466.819222,1318.077803,1772.035262,3336.384439,4146.453089,,,1,,1,,,1772.035262,,4146.453089,,,,,
66,M2,M,/u/,vrc,hurt,uvrc,Muvrc,hurt,hurt_M2.wav,hurt_M2.TextGrid,0.237917714,9,453.0892449,1331.80778,1757.437071,3336.384439,4187.643021,1,1,1,1,1,453.0892449,1331.80778,1757.437071,3336.384439,4187.643021,,,,,
66,M2,M,/u/,vrc,hurt,uvrc,Muvrc,hurt,hurt_M2.wav,hurt_M2.TextGrid,0.237917714,10,480.5491991,1331.80778,1743.707094,3398.711957,4242.562929,1,1,1,1,2,480.5491991,1331.80778,1743.707094,3398.711957,,,,,,4242.562929
66,M2,M,/u/,vrc,hurt,uvrc,Muvrc,hurt,hurt_M2.wav,hurt_M2.TextGrid,0.237917714,11,489.9102626,1331.80778,1743.707094,3430.414043,4324.942792,1,1,1,2,2,489.9102626,1331.80778,1743.707094,,,,,,3430.414043,4324.942792
66,M2,M,/u/,vrc,hurt,uvrc,Muvrc,hurt,hurt_M2.wav,hurt_M2.TextGrid,0.237917714,12,535.4691076,1374.544663,1771.167048,3418.764302,4352.402746,1,1,2,2,2,535.4691076,1374.544663,,,,,,1771.167048,3418.764302,4352.402746
66,M2,M,/u/,vrc,hurt,uvrc,Muvrc,hurt,hurt_M2.wav,hurt_M2.TextGrid,0.237917714,13,549.1990847,1372.480025,1798.627002,3418.764302,4338.672769,1,1,2,2,2,549.1990847,1372.480025,,,,,,1798.627002,3418.764302,4338.672769
66,M2,M,/u/,vrc,hurt,uvrc,Muvrc,hurt,hurt_M2.wav,hurt_M2.TextGrid,0.237917714,14,549.1990847,1394.749675,1826.086957,3432.494279,4324.942792,1,1,2,2,2,549.1990847,1394.749675,,,,,,1826.086957,3432.494279,4324.942792
66,M2,M,/u/,vrc,hurt,uvrc,Muvrc,hurt,hurt_M2.wav,hurt_M2.TextGrid,0.237917714,15,549.1990847,1388.002113,1833.589157,3484.300299,4352.402746,1,1,2,2,2,549.1990847,1388.002113,,,,,,1833.589157,3484.300299,4352.402746
66,M2,M,/u/,vrc,hurt,uvrc,Muvrc,hurt,hurt_M2.wav,hurt_M2.TextGrid,0.237917714,16,549.1990847,1441.647597,1853.546911,3514.874142,4381.227021,2,2,2,2,2,,,,,,549.1990847,1441.647597,1853.546911,3514.874142,4381.227021
66,M2,M,/u/,vrc,hurt,uvrc,Muvrc,hurt,hurt_M2.wav,hurt_M2.TextGrid,0.237917714,17,535.4691076,1455.377574,1871.221394,3528.604119,4434.782609,2,2,2,2,2,,,,,,535.4691076,1455.377574,1871.221394,3528.604119,4434.782609
66,M2,M,/u/,vrc,hurt,uvrc,Muvrc,hurt,hurt_M2.wav,hurt_M2.TextGrid,0.237917714,18,535.4691076,1482.837529,1908.466819,3528.604119,4448.512586,2,2,2,2,2,,,,,,535.4691076,1482.837529,1908.466819,3528.604119,4448.512586
66,M2,M,/u/,vrc,hurt,uvrc,Muvrc,hurt,hurt_M2.wav,hurt_M2.TextGrid,0.237917714,19,535.4691076,1524.02746,1923.914509,3528.604119,4475.97254,2,2,2,2,2,,,,,,535.4691076,1524.02746,1923.914509,3528.604119,4475.97254
66,M2,M,/u/,vrc,hurt,uvrc,Muvrc,hurt,hurt_M2.wav,hurt_M2.TextGrid,0.237917714,20,523.1833719,1524.02746,1934.060488,3528.604119,4475.97254,2,2,2,2,2,,,,,,523.1833719,1524.02746,1934.060488,3528.604119,4475.97254
67,M2,M,/u/,vc,hut,uvc,Muvc,hut,hut_M2.wav,hut_M2.TextGrid,0.199713096,0,604.1189931,1070.938215,2897.025172,3707.093822,4187.643021,,,2,2,2,,,,,,,,2897.025172,3707.093822,4187.643021
67,M2,M,/u/,vc,hut,uvc,Muvc,hut,hut_M2.wav,hut_M2.TextGrid,0.199713096,1,603.0482531,1084.668192,2910.755149,3665.90389,4170.795645,,,1,1,1,,,2910.755149,3665.90389,4170.795645,,,,,
67,M2,M,/u/,vc,hut,uvc,Muvc,hut,hut_M2.wav,hut_M2.TextGrid,0.199713096,2,604.1189931,1084.668192,2910.755149,3665.90389,4132.723112,,,,,,,,,,,,,,,
67,M2,M,/u/,vc,hut,uvc,Muvc,hut,hut_M2.wav,hut_M2.TextGrid,0.199713096,3,604.1189931,1084.668192,2910.755149,3657.983323,4132.723112,,,,,,,,,,,,,,,
67,M2,M,/u/,vc,hut,uvc,Muvc,hut,hut_M2.wav,hut_M2.TextGrid,0.199713096,4,590.389016,1070.938215,2897.343263,3652.173913,4118.993135,,,,,,,,,,,,,,,
67,M2,M,/u/,vc,hut,uvc,Muvc,hut,hut_M2.wav,hut_M2.TextGrid,0.199713096,5,576.6590389,1084.668192,2883.295195,3671.566533,4146.453089,,,,,,,,,,,,,,,
67,M2,M,/u/,vc,hut,uvc,Muvc,hut,hut_M2.wav,hut_M2.TextGrid,0.199713096,6,576.6590389,1098.398169,2869.565217,3711.783187,4227.382536,,,,,,,,,,,,,,,
67,M2,M,/u/,vc,hut,uvc,Muvc,hut,hut_M2.wav,hut_M2.TextGrid,0.199713096,7,576.6590389,1153.318078,2855.83524,3762.01373,4300.066089,,,1,,1,,,2855.83524,,4300.066089,,,,,
67,M2,M,/u/,vc,hut,uvc,Muvc,hut,hut_M2.wav,hut_M2.TextGrid,0.199713096,8,614.9291359,1194.508009,2825.286674,3844.393593,4397.537832,,1,1,,,,1194.508009,2825.286674,,,,,,,
67,M2,M,/u/,vc,hut,uvc,Muvc,hut,hut_M2.wav,hut_M2.TextGrid,0.199713096,9,659.0389016,1256.433461,2800.915332,3858.12357,4434.782609,,,,,,,,,,,,,,,
67,M2,M,/u/,vc,hut,uvc,Muvc,hut,hut_M2.wav,hut_M2.TextGrid,0.199713096,10,679.1707651,1335.008724,2745.995423,3858.12357,4486.038472,1,,1,1,1,679.1707651,,2745.995423,3858.12357,4486.038472,,,,,
67,M2,M,/u/,vc,hut,uvc,Muvc,hut,hut_M2.wav,hut_M2.TextGrid,0.199713096,11,672.7688787,1414.187643,2732.265446,3858.12357,4517.162471,1,1,1,1,1,672.7688787,1414.187643,2732.265446,3858.12357,4517.162471,,,,,
67,M2,M,/u/,vc,hut,uvc,Muvc,hut,hut_M2.wav,hut_M2.TextGrid,0.199713096,12,672.7688787,1455.377574,2732.265446,3858.12357,4517.162471,1,1,2,1,1,672.7688787,1455.377574,,3858.12357,4517.162471,,,2732.265446,,
67,M2,M,/u/,vc,hut,uvc,Muvc,hut,hut_M2.wav,hut_M2.TextGrid,0.199713096,13,672.7688787,1482.837529,2732.265446,3885.583524,4517.162471,2,1,2,1,2,,1482.837529,,3885.583524,,672.7688787,,2732.265446,,4517.162471
67,M2,M,/u/,vc,hut,uvc,Muvc,hut,hut_M2.wav,hut_M2.TextGrid,0.199713096,14,672.7688787,1496.567506,2732.265446,3913.043478,4517.162471,2,2,2,2,2,,,,,,672.7688787,1496.567506,2732.265446,3913.043478,4517.162471
67,M2,M,/u/,vc,hut,uvc,Muvc,hut,hut_M2.wav,hut_M2.TextGrid,0.199713096,15,645.3089245,1496.567506,2732.265446,3953.53605,4544.622426,2,2,2,2,2,,,,,,645.3089245,1496.567506,2732.265446,3953.53605,4544.622426
67,M2,M,/u/,vc,hut,uvc,Muvc,hut,hut_M2.wav,hut_M2.TextGrid,0.199713096,16,617.8489703,1496.567506,2732.265446,3967.963387,4558.352403,2,2,2,2,2,,,,,,617.8489703,1496.567506,2732.265446,3967.963387,4558.352403
67,M2,M,/u/,vc,hut,uvc,Muvc,hut,hut_M2.wav,hut_M2.TextGrid,0.199713096,17,590.2634992,1496.567506,2732.265446,3980.480704,4558.352403,2,2,2,2,2,,,,,,590.2634992,1496.567506,2732.265446,3980.480704,4558.352403
67,M2,M,/u/,vc,hut,uvc,Muvc,hut,hut_M2.wav,hut_M2.TextGrid,0.199713096,18,576.6590389,1524.02746,2732.265446,3981.693364,4583.356743,2,2,2,2,2,,,,,,576.6590389,1524.02746,2732.265446,3981.693364,4583.356743
67,M2,M,/u/,vc,hut,uvc,Muvc,hut,hut_M2.wav,hut_M2.TextGrid,0.199713096,19,576.6590389,1533.280394,2718.535469,4016.436504,4611.373131,2,2,2,2,2,,,,,,576.6590389,1533.280394,2718.535469,4016.436504,4611.373131
67,M2,M,/u/,vc,hut,uvc,Muvc,hut,hut_M2.wav,hut_M2.TextGrid,0.199713096,20,576.6590389,1554.575853,2704.805492,4050.343249,4626.482177,2,2,2,2,2,,,,,,576.6590389,1554.575853,2704.805492,4050.343249,4626.482177
68,M2,M,/u/,vc,hut,uvc,Muvc,hut,hut_M21SQ.wav,hut_M21SQ.TextGrid,0.120666019,0,713.9588101,1167.048055,2828.375286,3583.524027,4352.402746,1,1,2,2,2,713.9588101,1167.048055,,,,,,2828.375286,3583.524027,4352.402746
68,M2,M,/u/,vc,hut,uvc,Muvc,hut,hut_M21SQ.wav,hut_M21SQ.TextGrid,0.120666019,1,679.2042201,1167.048055,2814.645309,3569.79405,4297.482838,,,1,1,1,,,2814.645309,3569.79405,4297.482838,,,,,
68,M2,M,/u/,vc,hut,uvc,Muvc,hut,hut_M21SQ.wav,hut_M21SQ.TextGrid,0.120666019,2,631.5789474,1167.048055,2800.915332,3569.79405,4311.212815,,,1,,1,,,2800.915332,,4311.212815,,,,,
68,M2,M,/u/,vc,hut,uvc,Muvc,hut,hut_M21SQ.wav,hut_M21SQ.TextGrid,0.120666019,3,577.7411763,1160.506911,2773.455378,3569.79405,4311.212815,,,,,1,,,,,4311.212815,,,,,
68,M2,M,/u/,vc,hut,uvc,Muvc,hut,hut_M21SQ.wav,hut_M21SQ.TextGrid,0.120666019,4,562.9290618,1155.951078,2773.455378,3569.79405,4311.212815,,,,,1,,,,,4311.212815,,,,,
68,M2,M,/u/,vc,hut,uvc,Muvc,hut,hut_M21SQ.wav,hut_M21SQ.TextGrid,0.120666019,5,562.9290618,1180.778032,2773.455378,3569.79405,4311.212815,,,,,1,,,,,4311.212815,,,,,
68,M2,M,/u/,vc,hut,uvc,Muvc,hut,hut_M21SQ.wav,hut_M21SQ.TextGrid,0.120666019,6,562.9290618,1180.778032,2773.455378,3597.254005,4329.799443,,,1,1,1,,,2773.455378,3597.254005,4329.799443,,,,,
68,M2,M,/u/,vc,hut,uvc,Muvc,hut,hut_M21SQ.wav,hut_M21SQ.TextGrid,0.120666019,7,562.9290618,1180.778032,2773.455378,3652.173913,4366.132723,,1,1,1,1,,1180.778032,2773.455378,3652.173913,4366.132723,,,,,
68,M2,M,/u/,vc,hut,uvc,Muvc,hut,hut_M21SQ.wav,hut_M21SQ.TextGrid,0.120666019,8,562.9290618,1221.967963,2814.645309,3665.90389,4381.813555,,,,,,,,,,,,,,,
68,M2,M,/u/,vc,hut,uvc,Muvc,hut,hut_M21SQ.wav,hut_M21SQ.TextGrid,0.120666019,9,562.9290618,1221.967963,2814.645309,3681.625693,4402.422891,,,1,1,2,,,2814.645309,3681.625693,,,,,,4402.422891
68,M2,M,/u/,vc,hut,uvc,Muvc,hut,hut_M21SQ.wav,hut_M21SQ.TextGrid,0.120666019,10,562.9290618,1221.967963,2814.645309,3707.093822,4407.322654,1,1,1,1,2,562.9290618,1221.967963,2814.645309,3707.093822,,,,,,4407.322654
68,M2,M,/u/,vc,hut,uvc,Muvc,hut,hut_M21SQ.wav,hut_M21SQ.TextGrid,0.120666019,11,562.9290618,1249.427918,2828.375286,3707.093822,4407.322654,1,1,1,1,2,562.9290618,1249.427918,2828.375286,3707.093822,,,,,,4407.322654
68,M2,M,/u/,vc,hut,uvc,Muvc,hut,hut_M21SQ.wav,hut_M21SQ.TextGrid,0.120666019,12,562.9290618,1276.887872,2828.375286,3707.093822,4407.322654,1,1,2,1,2,562.9290618,1276.887872,,3707.093822,,,,2828.375286,,4407.322654
68,M2,M,/u/,vc,hut,uvc,Muvc,hut,hut_M21SQ.wav,hut_M21SQ.TextGrid,0.120666019,13,562.9290618,1276.887872,2828.375286,3720.823799,4418.187073,1,1,2,2,2,562.9290618,1276.887872,,,,,,2828.375286,3720.823799,4418.187073
68,M2,M,/u/,vc,hut,uvc,Muvc,hut,hut_M21SQ.wav,hut_M21SQ.TextGrid,0.120666019,14,562.9290618,1276.937099,2828.375286,3720.823799,4428.917086,1,1,2,2,2,562.9290618,1276.937099,,,,,,2828.375286,3720.823799,4428.917086
68,M2,M,/u/,vc,hut,uvc,Muvc,hut,hut_M21SQ.wav,hut_M21SQ.TextGrid,0.120666019,15,576.6590389,1290.617849,2828.375286,3734.011998,4434.782609,1,2,2,2,2,576.6590389,,,,,,1290.617849,2828.375286,3734.011998,4434.782609
68,M2,M,/u/,vc,hut,uvc,Muvc,hut,hut_M21SQ.wav,hut_M21SQ.TextGrid,0.120666019,16,576.6590389,1290.617849,2828.375286,3748.283753,4439.381613,1,2,2,2,2,576.6590389,,,,,,1290.617849,2828.375286,3748.283753,4439.381613
68,M2,M,/u/,vc,hut,uvc,Muvc,hut,hut_M21SQ.wav,hut_M21SQ.TextGrid,0.120666019,17,576.6590389,1290.617849,2828.375286,3748.283753,4461.894038,1,2,2,2,2,576.6590389,,,,,,1290.617849,2828.375286,3748.283753,4461.894038
68,M2,M,/u/,vc,hut,uvc,Muvc,hut,hut_M21SQ.wav,hut_M21SQ.TextGrid,0.120666019,18,593.0418967,1290.617849,2833.970688,3748.283753,4483.173216,1,2,2,2,2,593.0418967,,,,,,1290.617849,2833.970688,3748.283753,4483.173216
68,M2,M,/u/,vc,hut,uvc,Muvc,hut,hut_M21SQ.wav,hut_M21SQ.TextGrid,0.120666019,19,604.1189931,1290.617849,2842.105263,3762.709607,4503.346481,1,2,2,2,2,604.1189931,,,,,,1290.617849,2842.105263,3762.709607,4503.346481
68,M2,M,/u/,vc,hut,uvc,Muvc,hut,hut_M21SQ.wav,hut_M21SQ.TextGrid,0.120666019,20,604.1189931,1290.617849,2853.807256,3774.591165,4538.363249,1,2,2,2,2,604.1189931,,,,,,1290.617849,2853.807256,3774.591165,4538.363249
78,M1,M,/u/,vrc,hurt,uvrc,Muvrc,third,third_M1.wav,third_M1.TextGrid,0.217778498,0,411.8993135,1455.377574,2489.757153,3752.559746,4228.832952,,,,,1,,,,,4228.832952,,,,,
78,M1,M,/u/,vrc,hurt,uvrc,Muvrc,third,third_M1.wav,third_M1.TextGrid,0.217778498,1,439.3592677,1441.647597,2540.045767,3631.578477,4177.789104,,,,,1,,,,,4177.789104,,,,,
78,M1,M,/u/,vrc,hurt,uvrc,Muvrc,third,third_M1.wav,third_M1.TextGrid,0.217778498,2,466.819222,1441.647597,2512.585812,3525.026859,4146.453089,,,,,1,,,,,4146.453089,,,,,
78,M1,M,/u/,vrc,hurt,uvrc,Muvrc,third,third_M1.wav,third_M1.TextGrid,0.217778498,3,466.819222,1455.377574,2457.665904,3439.536144,4118.993135,,,,,1,,,,,4118.993135,,,,,
78,M1,M,/u/,vrc,hurt,uvrc,Muvrc,third,third_M1.wav,third_M1.TextGrid,0.217778498,4,466.819222,1469.107551,2333.768865,3384.068161,4077.475959,,,,,1,,,,,4077.475959,,,,,
78,M1,M,/u/,vrc,hurt,uvrc,Muvrc,third,third_M1.wav,third_M1.TextGrid,0.217778498,5,453.0892449,1469.107551,2128.146453,3394.48737,3979.214165,,,,,1,,,,,3979.214165,,,,,
78,M1,M,/u/,vrc,hurt,uvrc,Muvrc,third,third_M1.wav,third_M1.TextGrid,0.217778498,6,439.3592677,1533.61701,2045.76659,3428.268155,3967.963387,,,,,1,,,,,3967.963387,,,,,
78,M1,M,/u/,vrc,hurt,uvrc,Muvrc,third,third_M1.wav,third_M1.TextGrid,0.217778498,7,411.8993135,1537.757437,1972.376471,3462.818266,3967.963387,,,,,1,,,,,3967.963387,,,,,
78,M1,M,/u/,vrc,hurt,uvrc,Muvrc,third,third_M1.wav,third_M1.TextGrid,0.217778498,8,398.1693364,1551.487414,1935.926773,3469.114862,3967.963387,,,,,1,,,,,3967.963387,,,,,
78,M1,M,/u/,vrc,hurt,uvrc,Muvrc,third,third_M1.wav,third_M1.TextGrid,0.217778498,9,411.8993135,1551.487414,1935.926773,3492.388415,3995.423341,,,,,1,,,,,3995.423341,,,,,
78,M1,M,/u/,vrc,hurt,uvrc,Muvrc,third,third_M1.wav,third_M1.TextGrid,0.217778498,10,411.8993135,1551.487414,1935.926773,3498.630387,3996.077547,,,,,1,,,,,3996.077547,,,,,
78,M1,M,/u/,vrc,hurt,uvrc,Muvrc,third,third_M1.wav,third_M1.TextGrid,0.217778498,11,373.6231908,1551.487414,1935.926773,3487.414188,4009.153318,,,,,1,,,,,4009.153318,,,,,
78,M1,M,/u/,vrc,hurt,uvrc,Muvrc,third,third_M1.wav,third_M1.TextGrid,0.217778498,12,379.8692354,1551.487414,1977.116705,3436.307745,4009.153318,,,,,1,,,,,4009.153318,,,,,
78,M1,M,/u/,vrc,hurt,uvrc,Muvrc,third,third_M1.wav,third_M1.TextGrid,0.217778498,13,384.4393593,1551.487414,2059.496568,3336.384439,4022.883295,,,,,1,,,,,4022.883295,,,,,
78,M1,M,/u/,vrc,hurt,uvrc,Muvrc,third,third_M1.wav,third_M1.TextGrid,0.217778498,14,384.4393593,1565.217391,2100.686499,3015.146126,4009.153318,,,,1,1,,,,3015.146126,4009.153318,,,,,
78,M1,M,/u/,vrc,hurt,uvrc,Muvrc,third,third_M1.wav,third_M1.TextGrid,0.217778498,15,384.4393593,1565.217391,2100.686499,2706.022154,3918.836799,,,,,1,,,,,3918.836799,,,,,
78,M1,M,/u/,vrc,hurt,uvrc,Muvrc,third,third_M1.wav,third_M1.TextGrid,0.217778498,16,384.4393593,1565.315508,2059.496568,2567.505721,3871.853547,1,1,1,1,2,384.4393593,1565.315508,2059.496568,2567.505721,,,,,,3871.853547
78,M1,M,/u/,vrc,hurt,uvrc,Muvrc,third,third_M1.wav,third_M1.TextGrid,0.217778498,17,384.4393593,1592.677346,2073.226545,2526.315789,3871.853547,1,1,1,1,2,384.4393593,1592.677346,2073.226545,2526.315789,,,,,,3871.853547
78,M1,M,/u/,vrc,hurt,uvrc,Muvrc,third,third_M1.wav,third_M1.TextGrid,0.217778498,18,384.4393593,1592.677346,2114.416476,2526.315789,3871.853547,1,1,1,2,2,384.4393593,1592.677346,2114.416476,,,,,,2526.315789,3871.853547
78,M1,M,/u/,vrc,hurt,uvrc,Muvrc,third,third_M1.wav,third_M1.TextGrid,0.217778498,19,398.229581,1592.677346,2114.416476,2512.585812,3871.853547,1,1,1,2,2,398.229581,1592.677346,2114.416476,,,,,,2512.585812,3871.853547
78,M1,M,/u/,vrc,hurt,uvrc,Muvrc,third,third_M1.wav,third_M1.TextGrid,0.217778498,20,411.8993135,1597.639058,2045.76659,2485.125858,3871.028433,1,2,2,2,2,411.8993135,,,,,,1597.639058,2045.76659,2485.125858,3871.028433
79,M1,M,/u/,vc,hut,uvc,Muvc,thud,thud_M1.wav,thud_M1.TextGrid,0.195341905,0,519.5023397,1229.151205,2494.667841,3913.043478,4887.871854,1,1,1,1,1,519.5023397,1229.151205,2494.667841,3913.043478,4887.871854,,,,,
79,M1,M,/u/,vc,hut,uvc,Muvc,thud,thud_M1.wav,thud_M1.TextGrid,0.195341905,1,521.7391304,1249.427918,2485.125858,3871.853547,4860.411899,,,1,1,1,,,2485.125858,3871.853547,4860.411899,,,,,
79,M1,M,/u/,vc,hut,uvc,Muvc,thud,thud_M1.wav,thud_M1.TextGrid,0.195341905,2,521.7391304,1276.887872,2485.125858,3885.583524,4844.923657,,,,,,,,,,,,,,,
79,M1,M,/u/,vc,hut,uvc,Muvc,thud,thud_M1.wav,thud_M1.TextGrid,0.195341905,3,521.7391304,1304.347826,2485.125858,3876.455843,4819.221968,,,,,,,,,,,,,,,
79,M1,M,/u/,vc,hut,uvc,Muvc,thud,thud_M1.wav,thud_M1.TextGrid,0.195341905,4,521.7391304,1304.347826,2485.125858,3830.663616,4805.491991,,,,,,,,,,,,,,,
79,M1,M,/u/,vc,hut,uvc,Muvc,thud,thud_M1.wav,thud_M1.TextGrid,0.195341905,5,520.4708303,1331.80778,2485.125858,3803.203661,4769.54039,,,,,,,,,,,,,,,
79,M1,M,/u/,vc,hut,uvc,Muvc,thud,thud_M1.wav,thud_M1.TextGrid,0.195341905,6,508.0091533,1331.80778,2472.428057,3803.203661,4750.572082,,,,,,,,,,,,,,,
79,M1,M,/u/,vc,hut,uvc,Muvc,thud,thud_M1.wav,thud_M1.TextGrid,0.195341905,7,494.2791762,1331.80778,2457.665904,3803.203661,4750.572082,,,,,,,,,,,,,,,
79,M1,M,/u/,vc,hut,uvc,Muvc,thud,thud_M1.wav,thud_M1.TextGrid,0.195341905,8,494.2791762,1331.80778,2457.665904,3803.203661,4750.572082,,,,,,,,,,,,,,,
79,M1,M,/u/,vc,hut,uvc,Muvc,thud,thud_M1.wav,thud_M1.TextGrid,0.195341905,9,480.5491991,1345.537757,2457.665904,3775.743707,4691.41012,,,,,,,,,,,,,,,
79,M1,M,/u/,vc,hut,uvc,Muvc,thud,thud_M1.wav,thud_M1.TextGrid,0.195341905,10,480.5491991,1345.537757,2471.395881,3762.01373,4668.19222,,,,,1,,,,,4668.19222,,,,,
79,M1,M,/u/,vc,hut,uvc,Muvc,thud,thud_M1.wav,thud_M1.TextGrid,0.195341905,11,480.5491991,1345.537757,2471.395881,3729.326753,4668.19222,1,1,1,1,1,480.5491991,1345.537757,2471.395881,3729.326753,4668.19222,,,,,
79,M1,M,/u/,vc,hut,uvc,Muvc,thud,thud_M1.wav,thud_M1.TextGrid,0.195341905,12,480.5491991,1355.018613,2471.395881,3720.823799,4654.462243,1,1,1,1,1,480.5491991,1355.018613,2471.395881,3720.823799,4654.462243,,,,,
79,M1,M,/u/,vc,hut,uvc,Muvc,thud,thud_M1.wav,thud_M1.TextGrid,0.195341905,13,480.5491991,1386.727689,2479.245839,3707.093822,4654.462243,1,1,1,1,1,480.5491991,1386.727689,2479.245839,3707.093822,4654.462243,,,,,
79,M1,M,/u/,vc,hut,uvc,Muvc,thud,thud_M1.wav,thud_M1.TextGrid,0.195341905,14,466.819222,1400.457666,2485.125858,3707.093822,4654.462243,1,1,1,1,1,466.819222,1400.457666,2485.125858,3707.093822,4654.462243,,,,,
79,M1,M,/u/,vc,hut,uvc,Muvc,thud,thud_M1.wav,thud_M1.TextGrid,0.195341905,15,466.819222,1414.187643,2526.315789,3707.093822,4654.462243,1,1,2,2,2,466.819222,1414.187643,,,,,,2526.315789,3707.093822,4654.462243
79,M1,M,/u/,vc,hut,uvc,Muvc,thud,thud_M1.wav,thud_M1.TextGrid,0.195341905,16,466.819222,1417.328568,2545.604608,3716.210236,4654.462243,1,2,2,2,2,466.819222,,,,,,1417.328568,2545.604608,3716.210236,4654.462243
79,M1,M,/u/,vc,hut,uvc,Muvc,thud,thud_M1.wav,thud_M1.TextGrid,0.195341905,17,466.819222,1455.377574,2567.505721,3732.798511,4654.462243,1,2,2,2,2,466.819222,,,,,,1455.377574,2567.505721,3732.798511,4654.462243
79,M1,M,/u/,vc,hut,uvc,Muvc,thud,thud_M1.wav,thud_M1.TextGrid,0.195341905,18,466.819222,1469.305327,2581.235698,3771.625593,4668.19222,1,2,2,2,2,466.819222,,,,,,1469.305327,2581.235698,3771.625593,4668.19222
79,M1,M,/u/,vc,hut,uvc,Muvc,thud,thud_M1.wav,thud_M1.TextGrid,0.195341905,19,466.819222,1496.567506,2594.965675,3806.294355,4668.19222,1,2,2,2,2,466.819222,,,,,,1496.567506,2594.965675,3806.294355,4668.19222
79,M1,M,/u/,vc,hut,uvc,Muvc,thud,thud_M1.wav,thud_M1.TextGrid,0.195341905,20,466.819222,1527.749162,2610.290667,3850.210819,4681.922197,2,2,2,2,2,,,,,,466.819222,1527.749162,2610.290667,3850.210819,4681.922197
80,M1,M,/u/,vc,hut,uvc,Muvc,thud,thud_M11SQ.wav,thud_M11SQ.TextGrid,0.141736297,0,553.1542134,1276.887872,2498.855835,3926.773455,4599.542334,,1,1,1,2,,1276.887872,2498.855835,3926.773455,,,,,,4599.542334
80,M1,M,/u/,vc,hut,uvc,Muvc,thud,thud_M11SQ.wav,thud_M11SQ.TextGrid,0.141736297,1,562.9290618,1276.887872,2526.315789,3926.773455,4567.215022,,,,,2,,,,,,,,,,4567.215022
80,M1,M,/u/,vc,hut,uvc,Muvc,thud,thud_M11SQ.wav,thud_M11SQ.TextGrid,0.141736297,2,562.9290618,1263.157895,2526.315789,3913.043478,4530.892449,,,,,1,,,,,4530.892449,,,,,
80,M1,M,/u/,vc,hut,uvc,Muvc,thud,thud_M11SQ.wav,thud_M11SQ.TextGrid,0.141736297,3,562.9290618,1263.157895,2526.315789,3885.583524,4517.162471,,,,,1,,,,,4517.162471,,,,,
80,M1,M,/u/,vc,hut,uvc,Muvc,thud,thud_M11SQ.wav,thud_M11SQ.TextGrid,0.141736297,4,535.4691076,1263.157895,2526.315789,3885.583524,4489.702517,,,1,,1,,,2526.315789,,4489.702517,,,,,
80,M1,M,/u/,vc,hut,uvc,Muvc,thud,thud_M11SQ.wav,thud_M11SQ.TextGrid,0.141736297,5,535.4691076,1249.427918,2526.315789,3885.583524,4489.702517,,,1,,1,,,2526.315789,,4489.702517,,,,,
80,M1,M,/u/,vc,hut,uvc,Muvc,thud,thud_M11SQ.wav,thud_M11SQ.TextGrid,0.141736297,6,535.4691076,1235.697941,2526.315789,3885.583524,4474.251617,,,,,1,,,,,4474.251617,,,,,
80,M1,M,/u/,vc,hut,uvc,Muvc,thud,thud_M11SQ.wav,thud_M11SQ.TextGrid,0.141736297,7,535.4691076,1235.715504,2526.315789,3896.653859,4475.97254,,,,,1,,,,,4475.97254,,,,,
80,M1,M,/u/,vc,hut,uvc,Muvc,thud,thud_M11SQ.wav,thud_M11SQ.TextGrid,0.141736297,8,535.4691076,1269.955707,2530.684707,3899.313501,4475.97254,,,,,,,,,,,,,,,
80,M1,M,/u/,vc,hut,uvc,Muvc,thud,thud_M11SQ.wav,thud_M11SQ.TextGrid,0.141736297,9,521.7391304,1278.267954,2587.252881,3899.313501,4517.162471,,,,,,,,,,,,,,,
80,M1,M,/u/,vc,hut,uvc,Muvc,thud,thud_M11SQ.wav,thud_M11SQ.TextGrid,0.141736297,10,521.7391304,1279.177364,2553.775744,3899.313501,4489.702517,,,,,1,,,,,4489.702517,,,,,
80,M1,M,/u/,vc,hut,uvc,Muvc,thud,thud_M11SQ.wav,thud_M11SQ.TextGrid,0.141736297,11,508.0091533,1286.231502,2567.505721,3899.313501,4475.97254,,,,1,1,,,,3899.313501,4475.97254,,,,,
80,M1,M,/u/,vc,hut,uvc,Muvc,thud,thud_M11SQ.wav,thud_M11SQ.TextGrid,0.141736297,12,494.2791762,1263.157895,2567.505721,3899.313501,4488.457094,1,1,1,1,2,494.2791762,1263.157895,2567.505721,3899.313501,,,,,,4488.457094
80,M1,M,/u/,vc,hut,uvc,Muvc,thud,thud_M11SQ.wav,thud_M11SQ.TextGrid,0.141736297,13,494.2791762,1282.799869,2581.235698,3913.043478,4495.056479,1,1,1,1,2,494.2791762,1282.799869,2581.235698,3913.043478,,,,,,4495.056479
80,M1,M,/u/,vc,hut,uvc,Muvc,thud,thud_M11SQ.wav,thud_M11SQ.TextGrid,0.141736297,14,480.5491991,1304.347826,2581.235698,3941.185321,4501.809581,1,1,1,2,2,480.5491991,1304.347826,2581.235698,,,,,,3941.185321,4501.809581
80,M1,M,/u/,vc,hut,uvc,Muvc,thud,thud_M11SQ.wav,thud_M11SQ.TextGrid,0.141736297,15,480.5491991,1318.077803,2581.235698,3954.23341,4521.733395,1,1,1,2,2,480.5491991,1318.077803,2581.235698,,,,,,3954.23341,4521.733395
80,M1,M,/u/,vc,hut,uvc,Muvc,thud,thud_M11SQ.wav,thud_M11SQ.TextGrid,0.141736297,16,474.6876654,1318.077803,2581.235698,3954.23341,4530.892449,1,1,2,2,2,474.6876654,1318.077803,,,,,,2581.235698,3954.23341,4530.892449
80,M1,M,/u/,vc,hut,uvc,Muvc,thud,thud_M11SQ.wav,thud_M11SQ.TextGrid,0.141736297,17,453.0892449,1318.077803,2589.188885,3978.066036,4540.124342,1,1,2,2,2,453.0892449,1318.077803,,,,,,2589.188885,3978.066036,4540.124342
80,M1,M,/u/,vc,hut,uvc,Muvc,thud,thud_M11SQ.wav,thud_M11SQ.TextGrid,0.141736297,18,453.0892449,1341.069346,2594.965675,3967.963387,4544.622426,1,2,2,2,2,453.0892449,,,,,,1341.069346,2594.965675,3967.963387,4544.622426
80,M1,M,/u/,vc,hut,uvc,Muvc,thud,thud_M11SQ.wav,thud_M11SQ.TextGrid,0.141736297,19,453.0892449,1395.80507,2620.379129,3942.549932,4544.622426,1,2,2,2,2,453.0892449,,,,,,1395.80507,2620.379129,3942.549932,4544.622426
80,M1,M,/u/,vc,hut,uvc,Muvc,thud,thud_M11SQ.wav,thud_M11SQ.TextGrid,0.141736297,20,453.0892449,1466.754297,2639.555638,3940.503432,4544.622426,2,2,2,2,2,,,,,,453.0892449,1466.754297,2639.555638,3940.503432,4544.622426
81,M1,M,/u/,vc,hut,uvc,Muvc,thud,thud_M12SF.wav,thud_M12SF.TextGrid,0.169854892,0,466.819222,1304.347826,2490.400302,3789.473684,4572.08238,,,1,,2,,,2490.400302,,,,,,,4572.08238
81,M1,M,/u/,vc,hut,uvc,Muvc,thud,thud_M12SF.wav,thud_M12SF.TextGrid,0.169854892,1,466.819222,1304.347826,2443.935927,3830.663616,4572.08238,,,,,1,,,,,4572.08238,,,,,
81,M1,M,/u/,vc,hut,uvc,Muvc,thud,thud_M12SF.wav,thud_M12SF.TextGrid,0.169854892,2,466.819222,1290.617849,2443.935927,3830.663616,4558.352403,,,,,1,,,,,4558.352403,,,,,
81,M1,M,/u/,vc,hut,uvc,Muvc,thud,thud_M12SF.wav,thud_M12SF.TextGrid,0.169854892,3,494.2791762,1318.077803,2443.935927,3816.933638,4544.622426,,,,,1,,,,,4544.622426,,,,,
81,M1,M,/u/,vc,hut,uvc,Muvc,thud,thud_M12SF.wav,thud_M12SF.TextGrid,0.169854892,4,494.2791762,1287.755322,2443.935927,3789.473684,4513.555599,,,,,1,,,,,4513.555599,,,,,
81,M1,M,/u/,vc,hut,uvc,Muvc,thud,thud_M12SF.wav,thud_M12SF.TextGrid,0.169854892,5,488.4033268,1290.617849,2457.665904,3747.114482,4489.702517,,,,,1,,,,,4489.702517,,,,,
81,M1,M,/u/,vc,hut,uvc,Muvc,thud,thud_M12SF.wav,thud_M12SF.TextGrid,0.169854892,6,480.5491991,1304.347826,2457.665904,3734.553776,4489.702517,,,,,1,,,,,4489.702517,,,,,
81,M1,M,/u/,vc,hut,uvc,Muvc,thud,thud_M12SF.wav,thud_M12SF.TextGrid,0.169854892,7,480.5491991,1318.077803,2457.665904,3734.553776,4489.702517,,,,,1,,,,,4489.702517,,,,,
81,M1,M,/u/,vc,hut,uvc,Muvc,thud,thud_M12SF.wav,thud_M12SF.TextGrid,0.169854892,8,480.5491991,1355.853869,2457.665904,3734.553776,4489.702517,,,,,1,,,,,4489.702517,,,,,
81,M1,M,/u/,vc,hut,uvc,Muvc,thud,thud_M12SF.wav,thud_M12SF.TextGrid,0.169854892,9,494.2791762,1386.727689,2443.935927,3734.553776,4475.97254,,,,,1,,,,,4475.97254,,,,,
81,M1,M,/u/,vc,hut,uvc,Muvc,thud,thud_M12SF.wav,thud_M12SF.TextGrid,0.169854892,10,489.1834202,1414.187643,2416.475973,3734.553776,4475.97254,,,,,,,,,,,,,,,
81,M1,M,/u/,vc,hut,uvc,Muvc,thud,thud_M12SF.wav,thud_M12SF.TextGrid,0.169854892,11,466.819222,1441.647597,2416.475973,3734.553776,4489.702517,,,,1,1,,,,3734.553776,4489.702517,,,,,
81,M1,M,/u/,vc,hut,uvc,Muvc,thud,thud_M12SF.wav,thud_M12SF.TextGrid,0.169854892,12,466.819222,1469.107551,2416.475973,3734.553776,4489.702517,1,1,1,1,2,466.819222,1469.107551,2416.475973,3734.553776,,,,,,4489.702517
81,M1,M,/u/,vc,hut,uvc,Muvc,thud,thud_M12SF.wav,thud_M12SF.TextGrid,0.169854892,13,453.0892449,1510.297483,2430.20595,3753.875553,4503.432494,1,1,1,1,2,453.0892449,1510.297483,2430.20595,3753.875553,,,,,,4503.432494
81,M1,M,/u/,vc,hut,uvc,Muvc,thud,thud_M12SF.wav,thud_M12SF.TextGrid,0.169854892,14,453.0892449,1510.297483,2430.20595,3816.933638,4506.663235,1,1,1,2,2,453.0892449,1510.297483,2430.20595,,,,,,3816.933638,4506.663235
81,M1,M,/u/,vc,hut,uvc,Muvc,thud,thud_M12SF.wav,thud_M12SF.TextGrid,0.169854892,15,453.0892449,1524.02746,2498.663327,3843.472707,4523.834952,1,2,2,2,2,453.0892449,,,,,,1524.02746,2498.663327,3843.472707,4523.834952
81,M1,M,/u/,vc,hut,uvc,Muvc,thud,thud_M12SF.wav,thud_M12SF.TextGrid,0.169854892,16,453.0892449,1537.757437,2524.762502,3864.097851,4530.892449,1,2,2,2,2,453.0892449,,,,,,1537.757437,2524.762502,3864.097851,4530.892449
81,M1,M,/u/,vc,hut,uvc,Muvc,thud,thud_M12SF.wav,thud_M12SF.TextGrid,0.169854892,17,453.0892449,1551.487414,2593.117015,3882.479666,4544.622426,1,2,2,2,2,453.0892449,,,,,,1551.487414,2593.117015,3882.479666,4544.622426
81,M1,M,/u/,vc,hut,uvc,Muvc,thud,thud_M12SF.wav,thud_M12SF.TextGrid,0.169854892,18,453.0892449,1561.040795,2662.49007,3885.583524,4558.352403,1,2,2,2,2,453.0892449,,,,,,1561.040795,2662.49007,3885.583524,4558.352403
81,M1,M,/u/,vc,hut,uvc,Muvc,thud,thud_M12SF.wav,thud_M12SF.TextGrid,0.169854892,19,464.7735165,1596.839628,2704.805492,3885.583524,4558.352403,2,2,2,2,2,,,,,,464.7735165,1596.839628,2704.805492,3885.583524,4558.352403
81,M1,M,/u/,vc,hut,uvc,Muvc,thud,thud_M12SF.wav,thud_M12SF.TextGrid,0.169854892,20,468.240942,1620.1373,2704.805492,3885.583524,4585.812357,2,2,2,2,2,,,,,,468.240942,1620.1373,2704.805492,3885.583524,4585.812357
82,M2,M,/u/,vrc,hurt,uvrc,Muvrc,third,third_M2.wav,third_M2.TextGrid,0.232065565,0,480.5491991,1573.451994,2485.125858,3652.173913,4054.91427,,,,1,2,,,,3652.173913,,,,,,4054.91427
82,M2,M,/u/,vrc,hurt,uvrc,Muvrc,third,third_M2.wav,third_M2.TextGrid,0.232065565,1,549.1990847,1524.02746,2567.505721,3600.035523,3959.752042,,,,,1,,,,,3959.752042,,,,,
82,M2,M,/u/,vrc,hurt,uvrc,Muvrc,third,third_M2.wav,third_M2.TextGrid,0.232065565,2,562.9290618,1474.676226,2485.125858,3482.037223,3913.043478,,,,,1,,,,,3913.043478,,,,,
82,M2,M,/u/,vrc,hurt,uvrc,Muvrc,third,third_M2.wav,third_M2.TextGrid,0.232065565,3,531.7686269,1386.727689,2339.764869,3376.378141,3863.792329,,,,,1,,,,,3863.792329,,,,,
82,M2,M,/u/,vrc,hurt,uvrc,Muvrc,third,third_M2.wav,third_M2.TextGrid,0.232065565,4,557.2763855,1372.997712,2175.305396,3270.71906,3816.933638,,,,,1,,,,,3816.933638,,,,,
82,M2,M,/u/,vrc,hurt,uvrc,Muvrc,third,third_M2.wav,third_M2.TextGrid,0.232065565,5,580.4268796,1359.267735,2059.496568,3199.384921,3816.933638,,,,,1,,,,,3816.933638,,,,,
82,M2,M,/u/,vrc,hurt,uvrc,Muvrc,third,third_M2.wav,third_M2.TextGrid,0.232065565,6,561.9383149,1372.316569,1990.846682,3171.624714,3816.933638,,,,,1,,,,,3816.933638,,,,,
82,M2,M,/u/,vrc,hurt,uvrc,Muvrc,third,third_M2.wav,third_M2.TextGrid,0.232065565,7,516.3951488,1359.267735,1949.656751,3157.894737,3816.933638,,,,,1,,,,,3816.933638,,,,,
82,M2,M,/u/,vrc,hurt,uvrc,Muvrc,third,third_M2.wav,third_M2.TextGrid,0.232065565,8,535.4691076,1359.267735,1935.926773,3171.624714,3816.933638,,,,,1,,,,,3816.933638,,,,,
82,M2,M,/u/,vrc,hurt,uvrc,Muvrc,third,third_M2.wav,third_M2.TextGrid,0.232065565,9,473.5913589,1359.267735,1877.435093,3171.624714,3789.473684,,,,,1,,,,,3789.473684,,,,,
82,M2,M,/u/,vrc,hurt,uvrc,Muvrc,third,third_M2.wav,third_M2.TextGrid,0.232065565,10,439.3592677,1359.267735,1812.356979,3171.624714,3762.01373,,,,,1,,,,,3762.01373,,,,,
82,M2,M,/u/,vrc,hurt,uvrc,Muvrc,third,third_M2.wav,third_M2.TextGrid,0.232065565,11,425.6292906,1400.457666,1784.897025,3171.624714,3716.673219,,,,,1,,,,,3716.673219,,,,,
82,M2,M,/u/,vrc,hurt,uvrc,Muvrc,third,third_M2.wav,third_M2.TextGrid,0.232065565,12,398.1693364,1414.187643,1757.437071,3171.624714,3693.363844,1,,,1,1,398.1693364,,,3171.624714,3693.363844,,,,,
82,M2,M,/u/,vrc,hurt,uvrc,Muvrc,third,third_M2.wav,third_M2.TextGrid,0.232065565,13,384.4393593,1427.91762,1771.167048,3102.974828,3679.05506,1,1,1,1,2,384.4393593,1427.91762,1771.167048,3102.974828,,,,,,3679.05506
82,M2,M,/u/,vrc,hurt,uvrc,Muvrc,third,third_M2.wav,third_M2.TextGrid,0.232065565,14,370.7093822,1441.647597,1771.167048,2993.135011,3655.896512,1,1,1,1,2,370.7093822,1441.647597,1771.167048,2993.135011,,,,,,3655.896512
82,M2,M,/u/,vrc,hurt,uvrc,Muvrc,third,third_M2.wav,third_M2.TextGrid,0.232065565,15,370.7093822,1482.837529,1798.168165,2869.565217,3637.670145,1,1,1,1,1,370.7093822,1482.837529,1798.168165,2869.565217,3637.670145,,,,,
82,M2,M,/u/,vrc,hurt,uvrc,Muvrc,third,third_M2.wav,third_M2.TextGrid,0.232065565,16,370.7093822,1482.837529,1838.88995,2745.995423,3620.467897,1,1,1,1,1,370.7093822,1482.837529,1838.88995,2745.995423,3620.467897,,,,,
82,M2,M,/u/,vrc,hurt,uvrc,Muvrc,third,third_M2.wav,third_M2.TextGrid,0.232065565,17,370.7093822,1482.837529,1853.546911,2677.345538,3599.905189,1,1,2,2,1,370.7093822,1482.837529,,,3599.905189,,,1853.546911,2677.345538,
82,M2,M,/u/,vrc,hurt,uvrc,Muvrc,third,third_M2.wav,third_M2.TextGrid,0.232065565,18,370.7093822,1482.837529,1864.149985,2663.615561,3595.58158,1,2,2,2,2,370.7093822,,,,,,1482.837529,1864.149985,2663.615561,3595.58158
82,M2,M,/u/,vrc,hurt,uvrc,Muvrc,third,third_M2.wav,third_M2.TextGrid,0.232065565,19,370.7093822,1482.837529,1867.276888,2663.615561,3591.96373,1,2,2,2,2,370.7093822,,,,,,1482.837529,1867.276888,2663.615561,3591.96373
82,M2,M,/u/,vrc,hurt,uvrc,Muvrc,third,third_M2.wav,third_M2.TextGrid,0.232065565,20,370.7093822,1482.837529,1867.276888,2663.615561,3588.34588,2,2,2,2,2,,,,,,370.7093822,1482.837529,1867.276888,2663.615561,3588.34588
83,M2,M,/u/,vrc,hurt,uvrc,Muvrc,third,third_M21SQ.wav,third_M21SQ.TextGrid,0.212627691,0,535.4691076,1427.91762,2457.665904,3690.137486,4627.002288,,,,,,,,,,,,,,,
83,M2,M,/u/,vrc,hurt,uvrc,Muvrc,third,third_M21SQ.wav,third_M21SQ.TextGrid,0.212627691,1,535.4691076,1424.571053,2553.775744,3618.020824,4393.592677,,,,,,,,,,,,,,,
83,M2,M,/u/,vrc,hurt,uvrc,Muvrc,third,third_M21SQ.wav,third_M21SQ.TextGrid,0.212627691,2,535.4691076,1378.489546,2421.967022,3569.79405,4152.860098,,,,,,,,,,,,,,,
83,M2,M,/u/,vrc,hurt,uvrc,Muvrc,third,third_M21SQ.wav,third_M21SQ.TextGrid,0.212627691,3,521.7391304,1359.267735,2208.980523,3482.322264,3993.877548,,,1,,,,,2208.980523,,,,,,,
83,M2,M,/u/,vrc,hurt,uvrc,Muvrc,third,third_M21SQ.wav,third_M21SQ.TextGrid,0.212627691,4,521.7391304,1359.267735,2081.119411,3487.414188,3954.23341,,,1,,,,,2081.119411,,,,,,,
83,M2,M,/u/,vrc,hurt,uvrc,Muvrc,third,third_M21SQ.wav,third_M21SQ.TextGrid,0.212627691,5,521.7391304,1345.537757,2008.178208,3446.224256,3954.23341,,,1,,,,,2008.178208,,,,,,,
83,M2,M,/u/,vrc,hurt,uvrc,Muvrc,third,third_M21SQ.wav,third_M21SQ.TextGrid,0.212627691,6,521.7391304,1345.882642,1977.116705,3418.764302,3940.503432,,,1,1,,,,1977.116705,3418.764302,,,,,,
83,M2,M,/u/,vrc,hurt,uvrc,Muvrc,third,third_M21SQ.wav,third_M21SQ.TextGrid,0.212627691,7,521.7391304,1372.997712,1949.656751,3391.304348,3967.963387,,,1,,,,,1949.656751,,,,,,,
83,M2,M,/u/,vrc,hurt,uvrc,Muvrc,third,third_M21SQ.wav,third_M21SQ.TextGrid,0.212627691,8,504.175423,1386.727689,1922.196796,3391.304348,3995.423341,,,,,1,,,,,3995.423341,,,,,
83,M2,M,/u/,vrc,hurt,uvrc,Muvrc,third,third_M21SQ.wav,third_M21SQ.TextGrid,0.212627691,9,494.2791762,1400.457666,1908.466819,3391.304348,4022.883295,,,,,1,,,,,4022.883295,,,,,
83,M2,M,/u/,vrc,hurt,uvrc,Muvrc,third,third_M21SQ.wav,third_M21SQ.TextGrid,0.212627691,10,494.2791762,1427.91762,1908.466819,3391.304348,4085.699458,,,,,1,,,,,4085.699458,,,,,
83,M2,M,/u/,vrc,hurt,uvrc,Muvrc,third,third_M21SQ.wav,third_M21SQ.TextGrid,0.212627691,11,494.2791762,1453.606376,1881.006865,3391.304348,4155.951161,,,,1,1,,,,3391.304348,4155.951161,,,,,
83,M2,M,/u/,vrc,hurt,uvrc,Muvrc,third,third_M21SQ.wav,third_M21SQ.TextGrid,0.212627691,12,494.2791762,1469.107551,1894.736842,3405.034325,4201.372998,,,,1,1,,,,3405.034325,4201.372998,,,,,
83,M2,M,/u/,vrc,hurt,uvrc,Muvrc,third,third_M21SQ.wav,third_M21SQ.TextGrid,0.212627691,13,494.2791762,1482.837529,1881.006865,3405.034325,4215.102975,,,,1,1,,,,3405.034325,4215.102975,,,,,
83,M2,M,/u/,vrc,hurt,uvrc,Muvrc,third,third_M21SQ.wav,third_M21SQ.TextGrid,0.212627691,14,494.2791762,1482.837529,1881.006865,3427.690054,4215.102975,,,,1,2,,,,3427.690054,,,,,,4215.102975
83,M2,M,/u/,vrc,hurt,uvrc,Muvrc,third,third_M21SQ.wav,third_M21SQ.TextGrid,0.212627691,15,494.2791762,1482.837529,1881.006865,3446.224256,4215.102975,1,,1,2,2,494.2791762,,1881.006865,,,,,,3446.224256,4215.102975
83,M2,M,/u/,vrc,hurt,uvrc,Muvrc,third,third_M21SQ.wav,third_M21SQ.TextGrid,0.212627691,16,494.2791762,1510.297483,1935.926773,3446.224256,4215.102975,1,1,1,2,2,494.2791762,1510.297483,1935.926773,,,,,,3446.224256,4215.102975
83,M2,M,/u/,vrc,hurt,uvrc,Muvrc,third,third_M21SQ.wav,third_M21SQ.TextGrid,0.212627691,17,494.2791762,1537.757437,1990.846682,3446.224256,4215.102975,1,1,1,2,2,494.2791762,1537.757437,1990.846682,,,,,,3446.224256,4215.102975
83,M2,M,/u/,vrc,hurt,uvrc,Muvrc,third,third_M21SQ.wav,third_M21SQ.TextGrid,0.212627691,18,494.2791762,1551.031693,2032.036613,3446.224256,4227.003585,1,1,2,2,2,494.2791762,1551.031693,,,,,,2032.036613,3446.224256,4227.003585
83,M2,M,/u/,vrc,hurt,uvrc,Muvrc,third,third_M21SQ.wav,third_M21SQ.TextGrid,0.212627691,19,494.2791762,1578.947368,2069.168883,3446.224256,4228.832952,1,2,2,2,2,494.2791762,,,,,,1578.947368,2069.168883,3446.224256,4228.832952
83,M2,M,/u/,vrc,hurt,uvrc,Muvrc,third,third_M21SQ.wav,third_M21SQ.TextGrid,0.212627691,20,494.2791762,1581.841093,2114.416476,3453.056449,4228.832952,2,2,2,2,2,,,,,,494.2791762,1581.841093,2114.416476,3453.056449,4228.832952
84,M2,M,/u/,vrc,hurt,uvrc,Muvrc,third,third_M22SF.wav,third_M22SF.TextGrid,0.162173567,0,493.8107716,1688.08966,2512.585812,3693.363844,4723.112128,,,,,,,,,,,,,,,
84,M2,M,/u/,vrc,hurt,uvrc,Muvrc,third,third_M22SF.wav,third_M22SF.TextGrid,0.162173567,1,493.8471466,1633.867277,2512.585812,3677.876691,4597.199432,,,,,,,,,,,,,,,
84,M2,M,/u/,vrc,hurt,uvrc,Muvrc,third,third_M22SF.wav,third_M22SF.TextGrid,0.162173567,2,500.1896676,1592.677346,2443.935927,3638.443936,4394.660294,,,,,,,,,,,,,,,
84,M2,M,/u/,vrc,hurt,uvrc,Muvrc,third,third_M22SF.wav,third_M22SF.TextGrid,0.162173567,3,478.2197365,1592.677346,2389.016018,3568.272038,4187.643021,,,,,,,,,,,,,,,
84,M2,M,/u/,vrc,hurt,uvrc,Muvrc,third,third_M22SF.wav,third_M22SF.TextGrid,0.162173567,4,485.6064182,1565.217391,2389.016018,3432.494279,4064.073227,,,,,,,,,,,,,,,
84,M2,M,/u/,vrc,hurt,uvrc,Muvrc,third,third_M22SF.wav,third_M22SF.TextGrid,0.162173567,5,481.0198427,1537.757437,2284.989505,3363.14327,4036.613272,,,,,,,,,,,,,,,
84,M2,M,/u/,vrc,hurt,uvrc,Muvrc,third,third_M22SF.wav,third_M22SF.TextGrid,0.162173567,6,458.7558435,1537.757437,2038.029566,3318.78595,4001.416293,,,,,,,,,,,,,,,
84,M2,M,/u/,vrc,hurt,uvrc,Muvrc,third,third_M22SF.wav,third_M22SF.TextGrid,0.162173567,7,450.7051475,1524.02746,1853.546911,3295.194508,3967.963387,,,,,,,,,,,,,,,
84,M2,M,/u/,vrc,hurt,uvrc,Muvrc,third,third_M22SF.wav,third_M22SF.TextGrid,0.162173567,8,480.5491991,1537.757437,1853.546911,3281.464531,3940.503432,,,,,,,,,,,,,,,
84,M2,M,/u/,vrc,hurt,uvrc,Muvrc,third,third_M22SF.wav,third_M22SF.TextGrid,0.162173567,9,425.6292906,1565.217391,1867.276888,3185.354691,3940.503432,,,,,1,,,,,3940.503432,,,,,
84,M2,M,/u/,vrc,hurt,uvrc,Muvrc,third,third_M22SF.wav,third_M22SF.TextGrid,0.162173567,10,411.8993135,1578.947368,1881.006865,3116.704805,3948.774266,,,,1,1,,,,3116.704805,3948.774266,,,,,
84,M2,M,/u/,vrc,hurt,uvrc,Muvrc,third,third_M22SF.wav,third_M22SF.TextGrid,0.162173567,11,398.1693364,1606.407323,1894.736842,3089.244851,3967.963387,,,,1,1,,,,3089.244851,3967.963387,,,,,
84,M2,M,/u/,vrc,hurt,uvrc,Muvrc,third,third_M22SF.wav,third_M22SF.TextGrid,0.162173567,12,398.1693364,1606.407323,1935.926773,3061.784897,3967.963387,,,,1,1,,,,3061.784897,3967.963387,,,,,
84,M2,M,/u/,vrc,hurt,uvrc,Muvrc,third,third_M22SF.wav,third_M22SF.TextGrid,0.162173567,13,384.4393593,1606.407323,1922.196796,3061.784897,3967.963387,,1,1,,1,,1606.407323,1922.196796,,3967.963387,,,,,
84,M2,M,/u/,vrc,hurt,uvrc,Muvrc,third,third_M22SF.wav,third_M22SF.TextGrid,0.162173567,14,370.7093822,1620.1373,1904.594709,3050.168566,3967.963387,1,1,1,1,1,370.7093822,1620.1373,1904.594709,3050.168566,3967.963387,,,,,
84,M2,M,/u/,vrc,hurt,uvrc,Muvrc,third,third_M22SF.wav,third_M22SF.TextGrid,0.162173567,15,343.2494279,1620.1373,1888.458522,3048.05492,3967.963387,1,1,1,1,1,343.2494279,1620.1373,1888.458522,3048.05492,3967.963387,,,,,
84,M2,M,/u/,vrc,hurt,uvrc,Muvrc,third,third_M22SF.wav,third_M22SF.TextGrid,0.162173567,16,343.2494279,1661.327231,1917.819137,3048.05492,3981.693364,1,1,1,1,1,343.2494279,1661.327231,1917.819137,3048.05492,3981.693364,,,,,
84,M2,M,/u/,vrc,hurt,uvrc,Muvrc,third,third_M22SF.wav,third_M22SF.TextGrid,0.162173567,17,384.7036943,1675.057208,1942.426354,3048.05492,4009.153318,1,1,2,2,1,384.7036943,1675.057208,,,4009.153318,,,1942.426354,3048.05492,
84,M2,M,/u/,vrc,hurt,uvrc,Muvrc,third,third_M22SF.wav,third_M22SF.TextGrid,0.162173567,18,425.6292906,1675.057208,1974.241793,3048.05492,4036.613272,1,1,2,2,1,425.6292906,1675.057208,,,4036.613272,,,1974.241793,3048.05492,
84,M2,M,/u/,vrc,hurt,uvrc,Muvrc,third,third_M22SF.wav,third_M22SF.TextGrid,0.162173567,19,439.3592677,1675.057208,2025.985036,3061.784897,4050.343249,1,2,2,2,1,439.3592677,,,,4050.343249,,1675.057208,2025.985036,3061.784897,
84,M2,M,/u/,vrc,hurt,uvrc,Muvrc,third,third_M22SF.wav,third_M22SF.TextGrid,0.162173567,20,439.3592677,1702.517162,2065.834224,3092.836512,4091.533181,1,2,2,2,2,439.3592677,,,,,,1702.517162,2065.834224,3092.836512,4091.533181
85,M2,M,/u/,vc,hut,uvc,Muvc,thud,thud_M2.wav,thud_M2.TextGrid,0.215163042,0,576.6590389,1306.901439,2704.805492,3720.823799,4434.782609,,,,,,,,,,,,,,,
85,M2,M,/u/,vc,hut,uvc,Muvc,thud,thud_M2.wav,thud_M2.TextGrid,0.215163042,1,590.389016,1276.904085,2759.7254,3720.823799,4462.242563,,,,,,,,,,,,,,,
85,M2,M,/u/,vc,hut,uvc,Muvc,thud,thud_M2.wav,thud_M2.TextGrid,0.215163042,2,590.389016,1237.222124,2773.455378,3734.553776,4462.242563,,,,1,,,,,3734.553776,,,,,,
85,M2,M,/u/,vc,hut,uvc,Muvc,thud,thud_M2.wav,thud_M2.TextGrid,0.215163042,3,590.389016,1250.459093,2745.995423,3762.01373,4489.702517,,,,1,1,,,,3762.01373,4489.702517,,,,,
85,M2,M,/u/,vc,hut,uvc,Muvc,thud,thud_M2.wav,thud_M2.TextGrid,0.215163042,4,581.8727941,1233.896768,2704.805492,3844.393593,4594.010031,,,1,,,,,2704.805492,,,,,,,
85,M2,M,/u/,vc,hut,uvc,Muvc,thud,thud_M2.wav,thud_M2.TextGrid,0.215163042,5,562.9290618,1216.123099,2691.075515,3899.313501,4655.51543,,,1,,,,,2691.075515,,,,,,,
85,M2,M,/u/,vc,hut,uvc,Muvc,thud,thud_M2.wav,thud_M2.TextGrid,0.215163042,6,535.4691076,1245.055174,2691.075515,3913.043478,4681.922197,,,1,1,,,,2691.075515,3913.043478,,,,,,
85,M2,M,/u/,vc,hut,uvc,Muvc,thud,thud_M2.wav,thud_M2.TextGrid,0.215163042,7,480.7436084,1282.988428,2694.483708,3926.773455,4723.112128,,,1,1,1,,,2694.483708,3926.773455,4723.112128,,,,,
85,M2,M,/u/,vc,hut,uvc,Muvc,thud,thud_M2.wav,thud_M2.TextGrid,0.215163042,8,466.819222,1279.898597,2693.010645,3926.773455,4736.842105,,,1,1,1,,,2693.010645,3926.773455,4736.842105,,,,,
85,M2,M,/u/,vc,hut,uvc,Muvc,thud,thud_M2.wav,thud_M2.TextGrid,0.215163042,9,466.819222,1325.346202,2691.075515,3926.773455,4736.842105,1,1,1,1,1,466.819222,1325.346202,2691.075515,3926.773455,4736.842105,,,,,
85,M2,M,/u/,vc,hut,uvc,Muvc,thud,thud_M2.wav,thud_M2.TextGrid,0.215163042,10,466.819222,1345.537757,2691.075515,3940.503432,4736.842105,1,1,1,2,2,466.819222,1345.537757,2691.075515,,,,,,3940.503432,4736.842105
85,M2,M,/u/,vc,hut,uvc,Muvc,thud,thud_M2.wav,thud_M2.TextGrid,0.215163042,11,494.2791762,1372.997712,2691.075515,3954.23341,4746.583833,1,1,2,2,2,494.2791762,1372.997712,,,,,,2691.075515,3954.23341,4746.583833
85,M2,M,/u/,vc,hut,uvc,Muvc,thud,thud_M2.wav,thud_M2.TextGrid,0.215163042,12,508.0091533,1400.457666,2691.075515,3954.23341,4757.758485,1,1,2,2,2,508.0091533,1400.457666,,,,,,2691.075515,3954.23341,4757.758485
85,M2,M,/u/,vc,hut,uvc,Muvc,thud,thud_M2.wav,thud_M2.TextGrid,0.215163042,13,549.1990847,1440.22486,2704.805492,3954.23341,4764.30206,1,1,1,2,2,549.1990847,1440.22486,2704.805492,,,,,,3954.23341,4764.30206
85,M2,M,/u/,vc,hut,uvc,Muvc,thud,thud_M2.wav,thud_M2.TextGrid,0.215163042,14,549.1990847,1469.107551,2732.265446,3967.963387,4779.144579,1,1,1,2,2,549.1990847,1469.107551,2732.265446,,,,,,3967.963387,4779.144579
85,M2,M,/u/,vc,hut,uvc,Muvc,thud,thud_M2.wav,thud_M2.TextGrid,0.215163042,15,549.1990847,1482.837529,2745.995423,4009.153318,4791.762014,1,1,2,2,2,549.1990847,1482.837529,,,,,,2745.995423,4009.153318,4791.762014
85,M2,M,/u/,vc,hut,uvc,Muvc,thud,thud_M2.wav,thud_M2.TextGrid,0.215163042,16,549.1990847,1482.837529,2785.529955,4031.632905,4791.762014,1,1,2,2,2,549.1990847,1482.837529,,,,,,2785.529955,4031.632905,4791.762014
85,M2,M,/u/,vc,hut,uvc,Muvc,thud,thud_M2.wav,thud_M2.TextGrid,0.215163042,17,551.3944333,1537.757437,2800.913522,4050.343249,4791.762014,1,2,2,2,2,551.3944333,,,,,,1537.757437,2800.913522,4050.343249,4791.762014
85,M2,M,/u/,vc,hut,uvc,Muvc,thud,thud_M2.wav,thud_M2.TextGrid,0.215163042,18,562.9290618,1608.046772,2814.645309,4064.073227,4791.762014,1,2,2,2,2,562.9290618,,,,,,1608.046772,2814.645309,4064.073227,4791.762014
85,M2,M,/u/,vc,hut,uvc,Muvc,thud,thud_M2.wav,thud_M2.TextGrid,0.215163042,19,562.9290618,1646.223119,2828.375286,4074.288148,4791.762014,1,2,2,2,2,562.9290618,,,,,,1646.223119,2828.375286,4074.288148,4791.762014
85,M2,M,/u/,vc,hut,uvc,Muvc,thud,thud_M2.wav,thud_M2.TextGrid,0.215163042,20,562.9290618,1688.787185,2828.375286,4082.838468,4791.762014,2,2,2,2,2,,,,,,562.9290618,1688.787185,2828.375286,4082.838468,4791.762014
